ref,after,class,lemma,normalized,strong,number,gender,case,gloss,domain,ln,morph,unicode,id,wordOrder,LeafName,word,bookLong,bookNum,bookShort,chapter,verse,parents,Parent1Name,Parent1Type,Parent1Appos,Parent1Class,Parent1Rule,Parent1Role,Parent1Cltype,Parent1Unit,Parent1Junction,Parent1SN,Parent1WGN,Parent2Name,Parent2Type,Parent2Appos,Parent2Class,Parent2Rule,Parent2Role,Parent2Cltype,Parent2Unit,Parent2Junction,Parent2SN,Parent2WGN,Parent3Name,Parent3Type,Parent3Appos,Parent3Class,Parent3Rule,Parent3Role,Parent3Cltype,Parent3Unit,Parent3Junction,Parent3SN,Parent3WGN,Parent4Name,Parent4Type,Parent4Appos,Parent4Class,Parent4Rule,Parent4Role,Parent4Cltype,Parent4Unit,Parent4Junction,Parent4SN,Parent4WGN,Parent5Name,Parent5Type,Parent5Appos,Parent5Class,Parent5Rule,Parent5Role,Parent5Cltype,Parent5Unit,Parent5Junction,Parent5SN,Parent5WGN,degree,type,Parent6Name,Parent6Type,Parent6Appos,Parent6Class,Parent6Rule,Parent6Role,Parent6Cltype,Parent6Unit,Parent6Junction,Parent6SN,Parent6WGN,Parent7Name,Parent7Type,Parent7Appos,Parent7Class,Parent7Rule,Parent7Role,Parent7Cltype,Parent7Unit,Parent7Junction,Parent7SN,Parent7WGN,role,referent,person,tense,voice,mood,frame,subjref,Parent8Name,Parent8Type,Parent8Appos,Parent8Class,Parent8Rule,Parent8Role,Parent8Cltype,Parent8Unit,Parent8Junction,Parent8SN,Parent8WGN,discontinuous,Parent9Name,Parent9Type,Parent9Appos,Parent9Class,Parent9Rule,Parent9Role,Parent9Cltype,Parent9Unit,Parent9Junction,Parent9SN,Parent9WGN,Parent10Name,Parent10Type,Parent10Appos,Parent10Class,Parent10Rule,Parent10Role,Parent10Cltype,Parent10Unit,Parent10Junction,Parent10SN,Parent10WGN,Parent11Name,Parent11Type,Parent11Appos,Parent11Class,Parent11Rule,Parent11Role,Parent11Cltype,Parent11Unit,Parent11Junction,Parent11SN,Parent11WGN,junction
3JN 1:1!1, ,det,ὁ,Ὁ,3588,singular,masculine,nominative,The,092004,92.24,T-NSM,Ὁ,n64001001001,127272,w,Ὁ,III_John,25,3John,1,1,5,wg,,,np,DetAdj,s,,,,,3,wg,,,cl,S-IO,,VerbElided,,,,2,wg,,,,,,,,,,1,sentence,,,,,,,,,1,,book,,,,,,,,,,,,,,,,,,,,,,,,,,,,,,,,,,,,,,,,,,,,,,,,,,,,,,,,,,,,,,,,,,,,,,,,,,,,,,,,,,,,,,,,
3JN 1:1!2, ,adj,πρεσβύτερος,πρεσβύτερος,4245,singular,masculine,nominative,elder,053009,53.77,A-NSM-C,πρεσβύτερος,n64001001002,127273,w,πρεσβύτερος,III_John,25,3John,1,1,5,wg,,,np,DetAdj,s,,,,,3,wg,,,cl,S-IO,,VerbElided,,,,2,wg,,,,,,,,,,1,sentence,,,,,,,,,1,,book,,,,,,,,,,,comparative,,,,,,,,,,,,,,,,,,,,,,,,,,,,,,,,,,,,,,,,,,,,,,,,,,,,,,,,,,,,,,,,,,,,,,,,,,,,,
3JN 1:1!3, ,noun,Γάϊος,Γαΐῳ,1050,singular,masculine,dative,To Gaius,093001,93.83d,N-DSM,Γαΐῳ,n64001001003,127274,w,Γαΐῳ,III_John,25,3John,1,1,6,wg,,,np,NPDetAdj,,,,,,5,wg,apposition,,np,NP-CL,io,,,,,4,wg,,,cl,S-IO,,VerbElided,,,,2,wg,,,,,,,,,,1,sentence,,,,,,,,,1,,,proper,book,,,,,,,,,,,,,,,,,,,,,,,,,,,,,,,,,,,,,,,,,,,,,,,,,,,,,,,,,,,,,,,,,,,,,,,,,,,
3JN 1:1!4, ,det,ὁ,τῷ,3588,singular,masculine,dative,the,092004,92.24,T-DSM,τῷ,n64001001004,127275,w,τῷ,III_John,25,3John,1,1,7,wg,,,np,DetAdj,,,,,,6,wg,,,np,NPDetAdj,,,,,,5,wg,apposition,,np,NP-CL,io,,,,,4,wg,,,cl,S-IO,,VerbElided,,,,2,wg,,,,,,,,,,1,,,sentence,,,,,,,,,1,,book,,,,,,,,,,,,,,,,,,,,,,,,,,,,,,,,,,,,,,,,,,,,,,,,,,,,,,,,,,,,,,,,
3JN 1:1!5,",",adj,ἀγαπητός,ἀγαπητῷ,27,singular,masculine,dative,beloved,025003,25.45,A-DSM,"ἀγαπητῷ,",n64001001005,127276,w,ἀγαπητῷ,III_John,25,3John,1,1,7,wg,,,np,DetAdj,,,,,,6,wg,,,np,NPDetAdj,,,,,,5,wg,apposition,,np,NP-CL,io,,,,,4,wg,,,cl,S-IO,,VerbElided,,,,2,wg,,,,,,,,,,1,,,sentence,,,,,,,,,1,,book,,,,,,,,,,,,,,,,,,,,,,,,,,,,,,,,,,,,,,,,,,,,,,,,,,,,,,,,,,,,,,,,
3JN 1:1!6, ,pron,ὅς,ὅν,3739,singular,masculine,accusative,whom,,,R-ASM,ὃν,n64001001006,127277,w,ὃν,III_John,25,3John,1,1,6,wg,,,cl,O-S-V-ADV,,,,apposition,,7,wg,apposition,,np,NP-CL,io,,,,,4,wg,,,cl,S-IO,,VerbElided,,,,2,wg,,,,,,,,,,1,sentence,,,,,,,,,1,,,relative,book,,,,,,,,,,,,,,,,,,,,,,o,n64001001003,,,,,,,,,,,,,,,,,,,,,,,,,,,,,,,,,,,,,,,,,,,,,,,,,,,,
3JN 1:1!7, ,pron,ἐγώ,ἐγώ,1473,singular,,nominative,I,092001,92.1,P-1NS,ἐγὼ,n64001001007,127278,w,ἐγὼ,III_John,25,3John,1,1,6,wg,,,cl,O-S-V-ADV,,,,apposition,,7,wg,apposition,,np,NP-CL,io,,,,,4,wg,,,cl,S-IO,,VerbElided,,,,2,wg,,,,,,,,,,1,sentence,,,,,,,,,1,,,personal,book,,,,,,,,,,,,,,,,,,,,,,s,n64001001002,,,,,,,,,,,,,,,,,,,,,,,,,,,,,,,,,,,,,,,,,,,,,,,,,,,,
3JN 1:1!8, ,verb,ἀγαπάω,ἀγαπῶ,25,singular,,,love,025003,25.43,V-PAI-1S,ἀγαπῶ,n64001001008,127279,w,ἀγαπῶ,III_John,25,3John,1,1,6,wg,,,cl,O-S-V-ADV,,,,apposition,,7,wg,apposition,,np,NP-CL,io,,,,,4,wg,,,cl,S-IO,,VerbElided,,,,2,wg,,,,,,,,,,1,sentence,,,,,,,,,1,,,,book,,,,,,,,,,,,,,,,,,,,,,v,,first,present,active,indicative,A1:n64001001006 A0:n64001001007,,,,,,,,,,,,,,,,,,,,,,,,,,,,,,,,,,,,,,,,,,,,,,,
3JN 1:1!9, ,prep,ἐν,ἐν,1722,,,,in,070,70.4,PREP,ἐν,n64001001009,127280,w,ἐν,III_John,25,3John,1,1,7,wg,,,pp,PrepNp,adv,,,,,8,wg,,,cl,O-S-V-ADV,,,,apposition,,7,wg,apposition,,np,NP-CL,io,,,,,4,wg,,,cl,S-IO,,VerbElided,,,,2,wg,,,,,,,,,,1,,,sentence,,,,,,,,,1,,book,,,,,,,,,,,,,,,,,,,,,,,,,,,,,,,,,,,,,,,,,,,,,,,,,,,,,,,,,,,,,,,,
3JN 1:1!10,.,noun,ἀλήθεια,ἀληθείᾳ,225,singular,feminine,dative,truth,070,70.4,N-DSF,ἀληθείᾳ.,n64001001010,127281,w,ἀληθείᾳ,III_John,25,3John,1,1,7,wg,,,pp,PrepNp,adv,,,,,8,wg,,,cl,O-S-V-ADV,,,,apposition,,7,wg,apposition,,np,NP-CL,io,,,,,4,wg,,,cl,S-IO,,VerbElided,,,,2,wg,,,,,,,,,,1,,common,sentence,,,,,,,,,1,,book,,,,,,,,,,,,,,,,,,,,,,,,,,,,,,,,,,,,,,,,,,,,,,,,,,,,,,,,,,,,,,,,
3JN 1:2!1,",",adj,ἀγαπητός,Ἀγαπητέ,27,singular,masculine,vocative,Beloved,025003,25.45,A-VSM,"Ἀγαπητέ,",n64001002001,127282,w,Ἀγαπητέ,III_John,25,3John,1,2,5,wg,,,,Np2CL,,Minor,,,,11,wg,,,cl,,,,,,,10,wg,,,,,,,,,,9,sentence,,,,,,,,,2,,book,,,,,,,,,,,,,,,,,,,,,,,,,,,,,,,,,,,aux,,,,,,,,,,,,,,,,,,,,,,,,,,,,,,,,,,,,,,,,,,,,,,,,,,,,,
3JN 1:2!2, ,prep,περί,περί,4012,,,,concerning,089004,89.6,PREP,περὶ,n64001002002,127283,w,περὶ,III_John,25,3John,1,2,5,wg,,,pp,PrepNp,adv,,,,,12,wg,,,cl,,,,,,,10,wg,,,,,,,,,,9,sentence,,,,,,,,,2,,book,,,,,,,,,,,,,,,,,,,,,,,,,,,,,,,,,,,,,,,,,,,,,,,,,,,,,,,,,,,,,,,,,,,,,,,,,,,,,,,,,,,,,,,,
3JN 1:2!3, ,adj,πᾶς,πάντων,3956,plural,neuter,genitive,all things,059003,59.23,A-GPN,πάντων,n64001002003,127284,w,πάντων,III_John,25,3John,1,2,5,wg,,,pp,PrepNp,adv,,,,,12,wg,,,cl,,,,,,,10,wg,,,,,,,,,,9,sentence,,,,,,,,,2,,book,,,,,,,,,,,,,,,,,,,,,,,,,,,,,,,,,,,,,,,,,,,,,,,,,,,,,,,,,,,,,,,,,,,,,,,,,,,,,,,,,,,,,,,,
3JN 1:2!4, ,verb,εὔχομαι,εὔχομαι,2172,singular,,,I pray,025001 033013,25.6 33.178,V-PNI-1S,εὔχομαί,n64001002004,127285,w,εὔχομαί,III_John,25,3John,1,2,4,wg,,,cl,,,,,,,10,wg,,,,,,,,,,9,sentence,,,,,,,,,2,,book,,,,,,,,,,,,,,,,,,,,,,,,,,,,,,,,,,,,,,,,,,,,,,v,,first,present,middlepassive,indicative,A0:n64001001002 A1:n64001002006;n64001002008,n64001001002,,,,,,,,,,,,,,,,,,,,,,,,,,,,,,,,,,,,,,,,,,,,,,
3JN 1:2!5, ,pron,σύ,σε,4771,singular,,accusative,you,,,P-2AS,σε,n64001002005,127286,w,σε,III_John,25,3John,1,2,5,wg,,,cl,S-V,o,,,,,13,wg,,,cl,,,,,,,10,wg,,,,,,,,,,9,sentence,,,,,,,,,2,,book,,,,,,,,,,,,personal,,,,,,,,,,,,,,,,,,,,,,,s,n64001002001,,,,,,,,,,,,,,,,,,,,,,,,,,,,,,,,,,,,,,,,,,,,,,,,,,,,
3JN 1:2!6, ,verb,εὐοδόω,εὐοδοῦσθαι,2137,,,,to prosper,022007,22.47,V-PPN,εὐοδοῦσθαι,n64001002006,127287,w,εὐοδοῦσθαι,III_John,25,3John,1,2,6,wg,,,,Conj2VP,v,,,,,14,wg,,,cl,S-V,o,,,,,13,wg,,,cl,,,,,,,10,wg,,,,,,,,,,9,sentence,,,,,,,,,2,,,,book,,,,,,,,,,,,,,,,,,,,,,,,,present,passive,infinitive,A0:n64001002005,,,,,,,,,,,,,,,,,,,,,,,,,,,,,,,,,,,,,,,,,,,,,,,
3JN 1:2!7, ,conj,καί,καί,2532,,,,and,,,CONJ,καὶ,n64001002007,127288,w,καὶ,III_John,25,3John,1,2,7,wg,group,,,,,,,,,15,wg,,,,Conj2VP,v,,,,,14,wg,,,cl,S-V,o,,,,,13,wg,,,cl,,,,,,,10,wg,,,,,,,,,,9,,,sentence,,,,,,,,,2,,book,,,,,,,,,,,,,,,,,,,,,,,,,,,,,,,,,,,,,,,,,,,,,,,,,,,,,,,,,,,,,,,,
3JN 1:2!8,",",verb,ὑγιαίνω,ὑγιαίνειν,5198,,,,to be in good health,023008,23.129,V-PAN,"ὑγιαίνειν,",n64001002008,127289,w,ὑγιαίνειν,III_John,25,3John,1,2,7,wg,group,,,,,,,,,15,wg,,,,Conj2VP,v,,,,,14,wg,,,cl,S-V,o,,,,,13,wg,,,cl,,,,,,,10,wg,,,,,,,,,,9,,,sentence,,,,,,,,,2,,book,,,,,,,,,,,,,,present,active,infinitive,A0:n64001002005,,,,,,,,,,,,,,,,,,,,,,,,,,,,,,,,,,,,,,,,,,,,,,,
3JN 1:2!9, ,conj,καθώς,καθώς,2531,,,,just as,078005,78.53,ADV,καθὼς,n64001002009,127290,w,καθὼς,III_John,25,3John,1,2,5,wg,,,,sub-CL,adv,,,,,16,wg,,,cl,,,,,,,10,wg,,,,,,,,,,9,sentence,,,,,,,,,2,,book,,,,,,,,,,,,,,,,,,,,,,,,,,,,,,,,,,,,,,,,,,,,,,,,,,,,,,,,,,,,,,,,,,,,,,,,,,,,,,,,,,,,,,,,
3JN 1:2!10, ,verb,εὐοδόω,εὐοδοῦται,2137,singular,,,prospers,022007,22.47,V-PPI-3S,εὐοδοῦταί,n64001002010,127291,w,εὐοδοῦταί,III_John,25,3John,1,2,6,wg,,,cl,V-S,,,,,,17,wg,,,,sub-CL,adv,,,,,16,wg,,,cl,,,,,,,10,wg,,,,,,,,,,9,sentence,,,,,,,,,2,,,,book,,,,,,,,,,,,,,,,,,,,,,v,,third,present,passive,indicative,A0:n64001002013,,,,,,,,,,,,,,,,,,,,,,,,,,,,,,,,,,,,,,,,,,,,,,,
3JN 1:2!11, ,pron,σύ,σου,4771,singular,,genitive,your,,,P-2GS,σου,n64001002011,127292,w,σου,III_John,25,3John,1,2,7,wg,,,np,ofNPNP,s,,,,,18,wg,,,cl,V-S,,,,,,17,wg,,,,sub-CL,adv,,,,,16,wg,,,cl,,,,,,,10,wg,,,,,,,,,,9,,personal,sentence,,,,,,,,,2,,book,,,,,,,,,,,,n64001002001,,,,,,,,,,,,,,,,,,,,,,,,,,,,,,,,,,,,,,,,,,,,,,,,,,,,
3JN 1:2!12, ,det,ὁ,ἡ,3588,singular,feminine,nominative,-,092004,92.24,T-NSF,ἡ,n64001002012,127293,w,ἡ,III_John,25,3John,1,2,8,wg,,,np,DetNP,,,,,,19,wg,,,np,ofNPNP,s,,,,,18,wg,,,cl,V-S,,,,,,17,wg,,,,sub-CL,adv,,,,,16,wg,,,cl,,,,,,,10,,,wg,,,,,,,,,,9,sentence,,,,,,,,,2,,,,,,,,,,book,,,,,,,,,,,,,,,,,,,,,,,,,,,,,,,,,,,,,,,,,,,,,
3JN 1:2!13,.,noun,ψυχή,ψυχή,5590,singular,feminine,nominative,soul,026,26.4,N-NSF,ψυχή.,n64001002013,127294,w,ψυχή,III_John,25,3John,1,2,8,wg,,,np,DetNP,,,,,,19,wg,,,np,ofNPNP,s,,,,,18,wg,,,cl,V-S,,,,,,17,wg,,,,sub-CL,adv,,,,,16,wg,,,cl,,,,,,,10,,common,wg,,,,,,,,,,9,sentence,,,,,,,,,2,,,,,,,,,,book,,,,,,,,,,,,,,,,,,,,,,,,,,,,,,,,,,,,,,,,,,,,,
3JN 1:3!2, ,conj,γάρ,γάρ,1063,,,,for,089007,89.23,CONJ,γὰρ,n64001003002,127295,w,γὰρ,III_John,25,3John,1,3,4,wg,,,,Conj-CL,,,,,,21,wg,,,,,,,,,,20,sentence,,,,,,,,,3,,book,,,,,,,,,,,,,,,,,,,,,,,,,,,,,,,,,,,,,,,,,,,,,,,,,,,,,,,,,,,,,,,,,true,,,,,,,,,,,,,,,,,,,,,,,,,,,,,,,,,,
3JN 1:3!1, ,verb,χαίρω,ἐχάρην,5463,singular,,,I rejoiced,025011,25.125,V-2AOI-1S,ἐχάρην,n64001003001,127296,w,ἐχάρην,III_John,25,3John,1,3,5,wg,,,cl,,,,,,,22,wg,,,,Conj-CL,,,,,,21,wg,,,,,,,,,,20,sentence,,,,,,,,,3,,book,,,,,,,,,,,,,,,,,,,,,,,,,,,,,,,,,,,v,,first,aorist,passive,indicative,A1:n64001001002,n64001001002,,,,,,,,,,,,,,,,,,,,,,,,,,,,,,,,,,,,,,,,,,,,,,
3JN 1:3!3, ,adv,λίαν,λίαν,3029,,,,exceedingly,078001,78.1,ADV,λίαν,n64001003003,127297,w,λίαν,III_John,25,3John,1,3,5,wg,,,cl,,,,,,,22,wg,,,,Conj-CL,,,,,,21,wg,,,,,,,,,,20,sentence,,,,,,,,,3,,book,,,,,,,,,,,,,,,,,,,,,,,,,,,,,,,,,,,adv,,,,,,,,,,,,,,,,,,,,,,,,,,,,,,,,,,,,,,,,,,,,,,,,,,,,,
3JN 1:3!4, ,verb,ἔρχομαι,ἐρχομένων,2064,plural,masculine,genitive,coming,015006,15.81,V-PNP-GPM,ἐρχομένων,n64001003004,127298,w,ἐρχομένων,III_John,25,3John,1,3,7,wg,,,cl,V-S,,,,,,24,wg,,,cl,,o,,,,,23,wg,,,cl,,,,,,,22,wg,,,,Conj-CL,,,,,,21,wg,,,,,,,,,,20,,,sentence,,,,,,,,,3,,book,,,,,,,,,,,v,,,present,middlepassive,participle,A0:n64001003005,,,,,,,,,,,,,,,,,,,,,,,,,,,,,,,,,,,,,,,,,,,,,,,
3JN 1:3!5, ,noun,ἀδελφός,ἀδελφῶν,80,plural,masculine,genitive,of [the] brothers,011002,11.23,N-GPM,ἀδελφῶν,n64001003005,127299,w,ἀδελφῶν,III_John,25,3John,1,3,7,wg,,,cl,V-S,,,,,,24,wg,,,cl,,o,,,,,23,wg,,,cl,,,,,,,22,wg,,,,Conj-CL,,,,,,21,wg,,,,,,,,,,20,,common,sentence,,,,,,,,,3,,book,,,,,,,,,,,s,,,,,,,,,,,,,,,,,,,,,,,,,,,,,,,,,,,,,,,,,,,,,,,,,,,,,
3JN 1:3!6, ,conj,καί,καί,2532,,,,and,,,CONJ,καὶ,n64001003006,127300,w,καὶ,III_John,25,3John,1,3,7,wg,group,,,,,,,,,25,wg,,,cl,,o,,,,,23,wg,,,cl,,,,,,,22,wg,,,,Conj-CL,,,,,,21,wg,,,,,,,,,,20,,,sentence,,,,,,,,,3,,book,,,,,,,,,,,,,,,,,,,,,,,,,,,,,,,,,,,,,,,,,,,,,,,,,,,,,,,,,,,,,,,,
3JN 1:3!7, ,verb,μαρτυρέω,μαρτυρούντων,3140,plural,masculine,genitive,bearing witness,033020,33.263,V-PAP-GPM,μαρτυρούντων,n64001003007,127301,w,μαρτυρούντων,III_John,25,3John,1,3,8,wg,,,cl,V-ADV,,,,,,26,wg,group,,,,,,,,,25,wg,,,cl,,o,,,,,23,wg,,,cl,,,,,,,22,wg,,,,Conj-CL,,,,,,21,,,wg,,,,,,,,,,20,sentence,,,,,,,,,3,,v,,,present,active,participle,A0:n64001003005 A2:n64001003010,n64001003005,book,,,,,,,,,,,,,,,,,,,,,,,,,,,,,,,,,,,,,,,,,,,,,
3JN 1:3!8, ,pron,σύ,σου,4771,singular,,genitive,of your,,,P-2GS,σου,n64001003008,127302,w,σου,III_John,25,3John,1,3,9,wg,,,np,ofNPNP,adv,,,,,27,wg,,,cl,V-ADV,,,,,,26,wg,group,,,,,,,,,25,wg,,,cl,,o,,,,,23,wg,,,cl,,,,,,,22,,personal,wg,,,,Conj-CL,,,,,,21,wg,,,,,,,,,,20,,n64001002001,,,,,,,sentence,,,,,,,,,3,,,book,,,,,,,,,,,,,,,,,,,,,,,,,,,,,,,,,
3JN 1:3!9, ,det,ὁ,τῇ,3588,singular,feminine,dative,-,092004,92.24,T-DSF,τῇ,n64001003009,127303,w,τῇ,III_John,25,3John,1,3,10,wg,,,np,DetNP,,,,,,28,wg,,,np,ofNPNP,adv,,,,,27,wg,,,cl,V-ADV,,,,,,26,wg,group,,,,,,,,,25,wg,,,cl,,o,,,,,23,,,wg,,,cl,,,,,,,22,wg,,,,Conj-CL,,,,,,21,,,,,,,,,wg,,,,,,,,,,20,,sentence,,,,,,,,,3,,book,,,,,,,,,,,,,,,,,,,,,,
3JN 1:3!10,",",noun,ἀλήθεια,ἀληθείᾳ,225,singular,feminine,dative,truth,072001,72.2,N-DSF,"ἀληθείᾳ,",n64001003010,127304,w,ἀληθείᾳ,III_John,25,3John,1,3,10,wg,,,np,DetNP,,,,,,28,wg,,,np,ofNPNP,adv,,,,,27,wg,,,cl,V-ADV,,,,,,26,wg,group,,,,,,,,,25,wg,,,cl,,o,,,,,23,,common,wg,,,cl,,,,,,,22,wg,,,,Conj-CL,,,,,,21,,,,,,,,,wg,,,,,,,,,,20,,sentence,,,,,,,,,3,,book,,,,,,,,,,,,,,,,,,,,,,
3JN 1:3!11, ,conj,καθώς,καθώς,2531,,,,just as,089014,89.86,ADV,καθὼς,n64001003011,127305,w,καθὼς,III_John,25,3John,1,3,7,wg,,,,sub-CL,,,,,,29,wg,,,cl,,o,,,,,23,wg,,,cl,,,,,,,22,wg,,,,Conj-CL,,,,,,21,wg,,,,,,,,,,20,,,sentence,,,,,,,,,3,,book,,,,,,,,,,,,,,,,,,,,,,,,,,,,,,,,,,,,,,,,,,,,,,,,,,,,,,,,,,,,,,,,
3JN 1:3!12, ,pron,σύ,σύ,4771,singular,,nominative,you,,,P-2NS,σὺ,n64001003012,127306,w,σὺ,III_John,25,3John,1,3,8,wg,,,cl,S-ADV-V,,,,,,30,wg,,,,sub-CL,,,,,,29,wg,,,cl,,o,,,,,23,wg,,,cl,,,,,,,22,wg,,,,Conj-CL,,,,,,21,,personal,wg,,,,,,,,,,20,sentence,,,,,,,,,3,,s,n64001002001,,,,,,,book,,,,,,,,,,,,,,,,,,,,,,,,,,,,,,,,,,,,,,,,,,,,,
3JN 1:3!13, ,prep,ἐν,ἐν,1722,,,,in,,,PREP,ἐν,n64001003013,127307,w,ἐν,III_John,25,3John,1,3,9,wg,,,pp,PrepNp,adv,,,,,31,wg,,,cl,S-ADV-V,,,,,,30,wg,,,,sub-CL,,,,,,29,wg,,,cl,,o,,,,,23,wg,,,cl,,,,,,,22,,,wg,,,,Conj-CL,,,,,,21,wg,,,,,,,,,,20,,,,,,,,,sentence,,,,,,,,,3,,,book,,,,,,,,,,,,,,,,,,,,,,,,,,,,,,,,,
3JN 1:3!14, ,noun,ἀλήθεια,ἀληθείᾳ,225,singular,feminine,dative,truth,072001,72.2,N-DSF,ἀληθείᾳ,n64001003014,127308,w,ἀληθείᾳ,III_John,25,3John,1,3,9,wg,,,pp,PrepNp,adv,,,,,31,wg,,,cl,S-ADV-V,,,,,,30,wg,,,,sub-CL,,,,,,29,wg,,,cl,,o,,,,,23,wg,,,cl,,,,,,,22,,common,wg,,,,Conj-CL,,,,,,21,wg,,,,,,,,,,20,,,,,,,,,sentence,,,,,,,,,3,,,book,,,,,,,,,,,,,,,,,,,,,,,,,,,,,,,,,
3JN 1:3!15,.,verb,περιπατέω,περιπατεῖς,4043,singular,,,are walking,041001,41.11,V-PAI-2S,περιπατεῖς.,n64001003015,127309,w,περιπατεῖς,III_John,25,3John,1,3,8,wg,,,cl,S-ADV-V,,,,,,30,wg,,,,sub-CL,,,,,,29,wg,,,cl,,o,,,,,23,wg,,,cl,,,,,,,22,wg,,,,Conj-CL,,,,,,21,,,wg,,,,,,,,,,20,sentence,,,,,,,,,3,,v,,second,present,active,indicative,A0:n64001003012,,book,,,,,,,,,,,,,,,,,,,,,,,,,,,,,,,,,,,,,,,,,,,,,
3JN 1:4!1, ,adj,μέγας,μειζοτέραν,3173,singular,feminine,accusative,Greater,078001,78.2,A-ASF-C,μειζοτέραν,n64001004001,127310,w,μειζοτέραν,III_John,25,3John,1,4,5,wg,,,np,AdjpNp,o,,,,,34,wg,,,cl,,,,,,,33,wg,,,,,,,,,,32,sentence,,,,,,,,,4,,book,,,,,,,,,,,comparative,,,,,,,,,,,,,,,,,,,,,,,,,,,,,,,,,,,,,,,,,,,,,,,,,,,,,,,,,,,,,,,,,,,,,,,,,,,,,
3JN 1:4!5,",",noun,χαρά,χαράν,5479,singular,feminine,accusative,joy,025011,25.123,N-ASF,"χαράν,",n64001004005,127311,w,χαράν,III_John,25,3John,1,4,5,wg,,,np,AdjpNp,o,,,,,34,wg,,,cl,,,,,,,33,wg,,,,,,,,,,32,sentence,,,,,,,,,4,,book,,,,,,,,,,,,common,,,,,,,,,,,,,,,,,,,,,,,,,,,,,,,,,,,,,,,,,,true,,,,,,,,,,,,,,,,,,,,,,,,,,,,,,,,,,
3JN 1:4!2, ,pron,οὗτος,τούτων,3778,plural,neuter,genitive,than these things,,,D-GPN,τούτων,n64001004002,127312,w,τούτων,III_John,25,3John,1,4,4,wg,,,cl,,,,,,,33,wg,,,,,,,,,,32,sentence,,,,,,,,,4,,book,,,,,,,,,,,,,,,,,,,,,,,demonstrative,,,,,,,,,,,,,,,,,,,,,,,adv,n64001004007,,,,,,,,,,,,,,,,,,,,,,,,,,,,,,,,,,,,,,,,,,,,,,,,,,,,
3JN 1:4!3, ,adv,οὐ,οὐκ,3756,,,,not,,,PRT-N,οὐκ,n64001004003,127313,w,οὐκ,III_John,25,3John,1,4,4,wg,,,cl,,,,,,,33,wg,,,,,,,,,,32,sentence,,,,,,,,,4,,book,,,,,,,,,,,,,,,,,,,,,,,,,,,,,,,,,,,,,,,,,,,,,,adv,,,,,,,,,,,,,,,,,,,,,,,,,,,,,,,,,,,,,,,,,,,,,,,,,,,,,
3JN 1:4!4, ,verb,ἔχω,ἔχω,2192,singular,,,I have,,,V-PAI-1S,ἔχω,n64001004004,127314,w,ἔχω,III_John,25,3John,1,4,4,wg,,,cl,,,,,,,33,wg,,,,,,,,,,32,sentence,,,,,,,,,4,,book,,,,,,,,,,,,,,,,,,,,,,,,,,,,,,,,,,,,,,,,,,,,,,v,,first,present,active,indicative,A0:n64001001002 A1:n64001004005,n64001001002,,,,,,,,,,,,,,,,,,,,,,,,,,,,,,,,,,,,,,,,,,,,,,
3JN 1:4!6, ,adv,ἵνα,ἵνα,2443,,,,that,,,CONJ,ἵνα,n64001004006,127315,w,ἵνα,III_John,25,3John,1,4,5,wg,,,,that-VP,o,,,,,35,wg,,,cl,,,,,,,33,wg,,,,,,,,,,32,sentence,,,,,,,,,4,,book,,,,,,,,,,,,,,,,,,,,,,,,,,,,,,,,,,,,,,,,,,,,,,,,,,,,,,,,,,,,,,,,,,,,,,,,,,,,,,,,,,,,,,,,
3JN 1:4!7, ,verb,ἀκούω,ἀκούω,191,singular,,,I should hear of,033015,33.212,V-PAS-1S,ἀκούω,n64001004007,127316,w,ἀκούω,III_John,25,3John,1,4,6,wg,,,cl,V-O,,,,,,36,wg,,,,that-VP,o,,,,,35,wg,,,cl,,,,,,,33,wg,,,,,,,,,,32,sentence,,,,,,,,,4,,,,book,,,,,,,,,,,,,,,,,,,,,,v,,first,present,active,subjunctive,A0:n64001001002 A1:n64001004014,n64001001002,,,,,,,,,,,,,,,,,,,,,,,,,,,,,,,,,,,,,,,,,,,,,,
3JN 1:4!8, ,det,ὁ,τά,3588,plural,neuter,accusative,-,092004,92.24,T-APN,τὰ,n64001004008,127317,w,τὰ,III_John,25,3John,1,4,8,wg,,,np,DetNP,s,,,,,38,wg,,,cl,S-ADV-V,o,,,,,37,wg,,,cl,V-O,,,,,,36,wg,,,,that-VP,o,,,,,35,wg,,,cl,,,,,,,33,,,wg,,,,,,,,,,32,sentence,,,,,,,,,4,,,,,,,,,,book,,,,,,,,,,,,,,,,,,,,,,,,,,,,,,,,,,,,,,,,,,,,,
3JN 1:4!9, ,adj,ἐμός,ἐμά,1699,plural,neuter,accusative,my,092001,92.2,S-1SAPN,ἐμὰ,n64001004009,127318,w,ἐμὰ,III_John,25,3John,1,4,9,wg,,,np,AdjpNp,,,,,,39,wg,,,np,DetNP,s,,,,,38,wg,,,cl,S-ADV-V,o,,,,,37,wg,,,cl,V-O,,,,,,36,wg,,,,that-VP,o,,,,,35,,,wg,,,cl,,,,,,,33,wg,,,,,,,,,,32,,n64001001002,,,,,,,sentence,,,,,,,,,4,,,book,,,,,,,,,,,,,,,,,,,,,,,,,,,,,,,,,
3JN 1:4!10, ,noun,τέκνον,τέκνα,5043,plural,neuter,accusative,children,036004,36.40,N-APN,τέκνα,n64001004010,127319,w,τέκνα,III_John,25,3John,1,4,9,wg,,,np,AdjpNp,,,,,,39,wg,,,np,DetNP,s,,,,,38,wg,,,cl,S-ADV-V,o,,,,,37,wg,,,cl,V-O,,,,,,36,wg,,,,that-VP,o,,,,,35,,common,wg,,,cl,,,,,,,33,wg,,,,,,,,,,32,,,,,,,,,sentence,,,,,,,,,4,,,book,,,,,,,,,,,,,,,,,,,,,,,,,,,,,,,,,
3JN 1:4!11, ,prep,ἐν,ἐν,1722,,,,in,,,PREP,ἐν,n64001004011,127320,w,ἐν,III_John,25,3John,1,4,8,wg,,,pp,PrepNp,adv,,,,,40,wg,,,cl,S-ADV-V,o,,,,,37,wg,,,cl,V-O,,,,,,36,wg,,,,that-VP,o,,,,,35,wg,,,cl,,,,,,,33,,,wg,,,,,,,,,,32,sentence,,,,,,,,,4,,,,,,,,,,book,,,,,,,,,,,,,,,,,,,,,,,,,,,,,,,,,,,,,,,,,,,,,
3JN 1:4!12, ,det,ὁ,τῇ,3588,singular,feminine,dative,the,092004,92.24,T-DSF,τῇ,n64001004012,127321,w,τῇ,III_John,25,3John,1,4,9,wg,,,np,DetNP,,,,,,41,wg,,,pp,PrepNp,adv,,,,,40,wg,,,cl,S-ADV-V,o,,,,,37,wg,,,cl,V-O,,,,,,36,wg,,,,that-VP,o,,,,,35,,,wg,,,cl,,,,,,,33,wg,,,,,,,,,,32,,,,,,,,,sentence,,,,,,,,,4,,,book,,,,,,,,,,,,,,,,,,,,,,,,,,,,,,,,,
3JN 1:4!13, ,noun,ἀλήθεια,ἀληθείᾳ,225,singular,feminine,dative,truth,072001,72.2,N-DSF,ἀληθείᾳ,n64001004013,127322,w,ἀληθείᾳ,III_John,25,3John,1,4,9,wg,,,np,DetNP,,,,,,41,wg,,,pp,PrepNp,adv,,,,,40,wg,,,cl,S-ADV-V,o,,,,,37,wg,,,cl,V-O,,,,,,36,wg,,,,that-VP,o,,,,,35,,common,wg,,,cl,,,,,,,33,wg,,,,,,,,,,32,,,,,,,,,sentence,,,,,,,,,4,,,book,,,,,,,,,,,,,,,,,,,,,,,,,,,,,,,,,
3JN 1:4!14,.,verb,περιπατέω,περιπατοῦντα,4043,plural,neuter,accusative,walking,041001,41.11,V-PAP-APN,περιπατοῦντα.,n64001004014,127323,w,περιπατοῦντα,III_John,25,3John,1,4,7,wg,,,cl,S-ADV-V,o,,,,,37,wg,,,cl,V-O,,,,,,36,wg,,,,that-VP,o,,,,,35,wg,,,cl,,,,,,,33,wg,,,,,,,,,,32,,,sentence,,,,,,,,,4,,book,,,,,,,,,,,v,,,present,active,participle,A0:n64001004010,,,,,,,,,,,,,,,,,,,,,,,,,,,,,,,,,,,,,,,,,,,,,,,
3JN 1:5!1,",",adj,ἀγαπητός,Ἀγαπητέ,27,singular,masculine,vocative,Beloved,025003,25.45,A-VSM,"Ἀγαπητέ,",n64001005001,127324,w,Ἀγαπητέ,III_John,25,3John,1,5,5,wg,,,,Np2CL,,Minor,,,,44,wg,,,cl,,,,,,,43,wg,,,,,,,,,,42,sentence,,,,,,,,,5,,book,,,,,,,,,,,,,,,,,,,,,,,,,,,,,,,,,,,aux,,,,,,,,,,,,,,,,,,,,,,,,,,,,,,,,,,,,,,,,,,,,,,,,,,,,,
3JN 1:5!2, ,adj,πιστός,πιστόν,4103,singular,neuter,accusative,faithfully,031009,31.87,A-ASN,πιστὸν,n64001005002,127325,w,πιστὸν,III_John,25,3John,1,5,5,wg,,,cl,O-V-ADV,,,,,,45,wg,,,cl,,,,,,,43,wg,,,,,,,,,,42,sentence,,,,,,,,,5,,book,,,,,,,,,,,,,,,,,,,,,,,,,,,,,,,,,,,o,,,,,,,,,,,,,,,,,,,,,,,,,,,,,,,,,,,,,,,,,,,,,,,,,,,,,
3JN 1:5!3, ,verb,ποιέω,ποιεῖς,4160,singular,,,you are doing,,,V-PAI-2S,ποιεῖς,n64001005003,127326,w,ποιεῖς,III_John,25,3John,1,5,5,wg,,,cl,O-V-ADV,,,,,,45,wg,,,cl,,,,,,,43,wg,,,,,,,,,,42,sentence,,,,,,,,,5,,book,,,,,,,,,,,,,,,,,,,,,,,,,,,,,,,,,,,v,,second,present,active,indicative,A0:n64001005001 A1:n64001005002,n64001005001,,,,,,,,,,,,,,,,,,,,,,,,,,,,,,,,,,,,,,,,,,,,,,
3JN 1:5!5, ,ptcl,ἐάν,ἐάν,1437,,,,if,,,COND,ἐὰν,n64001005005,127327,w,ἐὰν,III_John,25,3John,1,5,6,wg,,,,PtclCL,adv,,,,,46,wg,,,cl,O-V-ADV,,,,,,45,wg,,,cl,,,,,,,43,wg,,,,,,,,,,42,sentence,,,,,,,,,5,,,,book,,,,,,,,,,,,,,,,,,,,,,,,,,,,,,,,,,,,,,,,,true,,,,,,,,,,,,,,,,,,,,,,,,,,,,,,,,,,
3JN 1:5!4, ,pron,ὅς,ὅ,3739,singular,neuter,accusative,whatever,,,R-ASN,ὃ,n64001005004,127328,w,ὃ,III_John,25,3John,1,5,7,wg,,,cl,O-V-ADV,,,,,,47,wg,,,,PtclCL,adv,,,,,46,wg,,,cl,O-V-ADV,,,,,,45,wg,,,cl,,,,,,,43,wg,,,,,,,,,,42,,relative,sentence,,,,,,,,,5,,book,,,,,,,,,,,o,,,,,,,,,,,,,,,,,,,,,,,,,,,,,,,,,,,,,,,,,,,,,,,,,,,,,
3JN 1:5!6, ,verb,ἐργάζομαι,ἐργάσῃ,2038,singular,,,you might have done,090011,90.47,V-ADS-2S,ἐργάσῃ,n64001005006,127329,w,ἐργάσῃ,III_John,25,3John,1,5,7,wg,,,cl,O-V-ADV,,,,,,47,wg,,,,PtclCL,adv,,,,,46,wg,,,cl,O-V-ADV,,,,,,45,wg,,,cl,,,,,,,43,wg,,,,,,,,,,42,,,sentence,,,,,,,,,5,,book,,,,,,,,,,,v,,second,aorist,middle,subjunctive,A0:n64001005001 A1:n64001005004,n64001005001,,,,,,,,,,,,,,,,,,,,,,,,,,,,,,,,,,,,,,,,,,,,,,
3JN 1:5!7, ,prep,εἰς,εἰς,1519,,,,toward,090009,90.41,PREP,εἰς,n64001005007,127330,w,εἰς,III_John,25,3John,1,5,8,wg,,,pp,PrepNp,adv,,,,,48,wg,,,cl,O-V-ADV,,,,,,47,wg,,,,PtclCL,adv,,,,,46,wg,,,cl,O-V-ADV,,,,,,45,wg,,,cl,,,,,,,43,,,wg,,,,,,,,,,42,sentence,,,,,,,,,5,,,,,,,,,,book,,,,,,,,,,,,,,,,,,,,,,,,,,,,,,,,,,,,,,,,,,,,,
3JN 1:5!8, ,det,ὁ,τούς,3588,plural,masculine,accusative,the,092004,92.24,T-APM,τοὺς,n64001005008,127331,w,τοὺς,III_John,25,3John,1,5,9,wg,,,np,DetNP,,,,,,49,wg,,,pp,PrepNp,adv,,,,,48,wg,,,cl,O-V-ADV,,,,,,47,wg,,,,PtclCL,adv,,,,,46,wg,,,cl,O-V-ADV,,,,,,45,,,wg,,,cl,,,,,,,43,wg,,,,,,,,,,42,,,,,,,,,sentence,,,,,,,,,5,,,book,,,,,,,,,,,,,,,,,,,,,,,,,,,,,,,,,
3JN 1:5!9, ,noun,ἀδελφός,ἀδελφούς,80,plural,masculine,accusative,brothers,011002,11.23,N-APM,ἀδελφοὺς,n64001005009,127332,w,ἀδελφοὺς,III_John,25,3John,1,5,9,wg,,,np,DetNP,,,,,,49,wg,,,pp,PrepNp,adv,,,,,48,wg,,,cl,O-V-ADV,,,,,,47,wg,,,,PtclCL,adv,,,,,46,wg,,,cl,O-V-ADV,,,,,,45,,common,wg,,,cl,,,,,,,43,wg,,,,,,,,,,42,,,,,,,,,sentence,,,,,,,,,5,,,book,,,,,,,,,,,,,,,,,,,,,,,,,,,,,,,,,
3JN 1:5!10, ,conj,καί,καί,2532,,,,and,091002,91.12,CONJ,καὶ,n64001005010,127333,w,καὶ,III_John,25,3John,1,5,5,wg,group,,,,,,,,,50,wg,,,cl,,,,,,,43,wg,,,,,,,,,,42,sentence,,,,,,,,,5,,book,,,,,,,,,,,,,,,,,,,,,,,,,,,,,,,,,,,,,,,,,,,,,,,,,,,,,,,,,,,,,,,,,,,,,,,,,,,,,,,,,,,,,,,,
3JN 1:5!11, ,pron,οὗτος,τοῦτο,3778,singular,neuter,accusative,they are,,,D-ASN,τοῦτο,n64001005011,127334,w,τοῦτο,III_John,25,3John,1,5,6,wg,,,cl,O-ADV,,VerbElided,,,,51,wg,group,,,,,,,,,50,wg,,,cl,,,,,,,43,wg,,,,,,,,,,42,sentence,,,,,,,,,5,,,demonstrative,book,,,,,,,,,,,,,,,,,,,,,,o,n64001005002,,,,,,,,,,,,,,,,,,,,,,,,,,,,,,,,,,,,,,,,,,,,,,,,,,,,
3JN 1:5!12,",",adj,ξένος,ξένους,3581,plural,masculine,accusative,strangers,011003,11.73,A-APM,"ξένους,",n64001005012,127335,w,ξένους,III_John,25,3John,1,5,8,wg,apposition,,np,NP-CL,,,,,,53,wg,apposition,,np,NP-CL,adv,,,,,52,wg,,,cl,O-ADV,,VerbElided,,,,51,wg,group,,,,,,,,,50,wg,,,cl,,,,,,,43,,,wg,,,,,,,,,,42,sentence,,,,,,,,,5,,,,,,,,,,book,,,,,,,,,,,,,,,,,,,,,,,,,,,,,,,,,,,,,,,,,,,,,
3JN 1:6!1, ,pron,ὅς,οἵ,3739,plural,masculine,nominative,who,,,R-NPM,οἳ,n64001006001,127336,w,οἳ,III_John,25,3John,1,6,9,wg,,,cl,S-V-ADV-ADV,,,,apposition,,54,wg,apposition,,np,NP-CL,,,,,,53,wg,apposition,,np,NP-CL,adv,,,,,52,wg,,,cl,O-ADV,,VerbElided,,,,51,wg,group,,,,,,,,,50,,relative,wg,,,cl,,,,,,,43,wg,,,,,,,,,,42,s,n64001005012,,,,,,,sentence,,,,,,,,,5,,,book,,,,,,,,,,,,,,,,,,,,,,,,,,,,,,,,,
3JN 1:6!2, ,verb,μαρτυρέω,ἐμαρτύρησαν,3140,plural,,,testified,033020,33.263,V-AAI-3P,ἐμαρτύρησάν,n64001006002,127337,w,ἐμαρτύρησάν,III_John,25,3John,1,6,9,wg,,,cl,S-V-ADV-ADV,,,,apposition,,54,wg,apposition,,np,NP-CL,,,,,,53,wg,apposition,,np,NP-CL,adv,,,,,52,wg,,,cl,O-ADV,,VerbElided,,,,51,wg,group,,,,,,,,,50,,,wg,,,cl,,,,,,,43,wg,,,,,,,,,,42,v,,third,aorist,active,indicative,A0:n64001006001 A2:n64001006005,,sentence,,,,,,,,,5,,,book,,,,,,,,,,,,,,,,,,,,,,,,,,,,,,,,,
3JN 1:6!3, ,pron,σύ,σου,4771,singular,,genitive,of your,,,P-2GS,σου,n64001006003,127338,w,σου,III_John,25,3John,1,6,10,wg,,,np,ofNPNP,adv,,,,,55,wg,,,cl,S-V-ADV-ADV,,,,apposition,,54,wg,apposition,,np,NP-CL,,,,,,53,wg,apposition,,np,NP-CL,adv,,,,,52,wg,,,cl,O-ADV,,VerbElided,,,,51,,personal,wg,group,,,,,,,,,50,wg,,,cl,,,,,,,43,,n64001005001,,,,,,,wg,,,,,,,,,,42,,sentence,,,,,,,,,5,,book,,,,,,,,,,,,,,,,,,,,,,
3JN 1:6!4, ,det,ὁ,τῇ,3588,singular,feminine,dative,-,092004,92.24,T-DSF,τῇ,n64001006004,127339,w,τῇ,III_John,25,3John,1,6,11,wg,,,np,DetNP,,,,,,56,wg,,,np,ofNPNP,adv,,,,,55,wg,,,cl,S-V-ADV-ADV,,,,apposition,,54,wg,apposition,,np,NP-CL,,,,,,53,wg,apposition,,np,NP-CL,adv,,,,,52,,,wg,,,cl,O-ADV,,VerbElided,,,,51,wg,group,,,,,,,,,50,,,,,,,,,wg,,,cl,,,,,,,43,,wg,,,,,,,,,,42,sentence,,,,,,,,,5,,book,,,,,,,,,,,
3JN 1:6!5, ,noun,ἀγάπη,ἀγάπῃ,26,singular,feminine,dative,love,025003,25.43,N-DSF,ἀγάπῃ,n64001006005,127340,w,ἀγάπῃ,III_John,25,3John,1,6,11,wg,,,np,DetNP,,,,,,56,wg,,,np,ofNPNP,adv,,,,,55,wg,,,cl,S-V-ADV-ADV,,,,apposition,,54,wg,apposition,,np,NP-CL,,,,,,53,wg,apposition,,np,NP-CL,adv,,,,,52,,common,wg,,,cl,O-ADV,,VerbElided,,,,51,wg,group,,,,,,,,,50,,,,,,,,,wg,,,cl,,,,,,,43,,wg,,,,,,,,,,42,sentence,,,,,,,,,5,,book,,,,,,,,,,,
3JN 1:6!6, ,prep,ἐνώπιον,ἐνώπιον,1799,,,,before,083006,83.33,PREP,ἐνώπιον,n64001006006,127341,w,ἐνώπιον,III_John,25,3John,1,6,10,wg,,,pp,PrepNp,adv,,,,,57,wg,,,cl,S-V-ADV-ADV,,,,apposition,,54,wg,apposition,,np,NP-CL,,,,,,53,wg,apposition,,np,NP-CL,adv,,,,,52,wg,,,cl,O-ADV,,VerbElided,,,,51,,,wg,group,,,,,,,,,50,wg,,,cl,,,,,,,43,,,,,,,,,wg,,,,,,,,,,42,,sentence,,,,,,,,,5,,book,,,,,,,,,,,,,,,,,,,,,,
3JN 1:6!7,",",noun,ἐκκλησία,ἐκκλησίας,1577,singular,feminine,genitive,[the] church,011002,11.32,N-GSF,"ἐκκλησίας,",n64001006007,127342,w,ἐκκλησίας,III_John,25,3John,1,6,10,wg,,,pp,PrepNp,adv,,,,,57,wg,,,cl,S-V-ADV-ADV,,,,apposition,,54,wg,apposition,,np,NP-CL,,,,,,53,wg,apposition,,np,NP-CL,adv,,,,,52,wg,,,cl,O-ADV,,VerbElided,,,,51,,common,wg,group,,,,,,,,,50,wg,,,cl,,,,,,,43,,,,,,,,,wg,,,,,,,,,,42,,sentence,,,,,,,,,5,,book,,,,,,,,,,,,,,,,,,,,,,
3JN 1:6!8, ,pron,ὅς,οὕς,3739,plural,masculine,accusative,whom,,,R-APM,οὓς,n64001006008,127343,w,οὓς,III_John,25,3John,1,6,8,wg,,,cl,ADV-ADV-V-ADV,,,,apposition,,58,wg,apposition,,np,NP-CL,adv,,,,,52,wg,,,cl,O-ADV,,VerbElided,,,,51,wg,group,,,,,,,,,50,wg,,,cl,,,,,,,43,,relative,wg,,,,,,,,,,42,sentence,,,,,,,,,5,,adv,n64001005012,,,,,,,book,,,,,,,,,,,,,,,,,,,,,,,,,,,,,,,,,,,,,,,,,,,,,
3JN 1:6!9, ,adv,καλῶς,καλῶς,2573,,,,well,088001,88.4,ADV,καλῶς,n64001006009,127344,w,καλῶς,III_John,25,3John,1,6,8,wg,,,cl,ADV-ADV-V-ADV,,,,apposition,,58,wg,apposition,,np,NP-CL,adv,,,,,52,wg,,,cl,O-ADV,,VerbElided,,,,51,wg,group,,,,,,,,,50,wg,,,cl,,,,,,,43,,,wg,,,,,,,,,,42,sentence,,,,,,,,,5,,adv,,,,,,,,book,,,,,,,,,,,,,,,,,,,,,,,,,,,,,,,,,,,,,,,,,,,,,
3JN 1:6!10, ,verb,ποιέω,ποιήσεις,4160,singular,,,you will do,,,V-FAI-2S,ποιήσεις,n64001006010,127345,w,ποιήσεις,III_John,25,3John,1,6,8,wg,,,cl,ADV-ADV-V-ADV,,,,apposition,,58,wg,apposition,,np,NP-CL,adv,,,,,52,wg,,,cl,O-ADV,,VerbElided,,,,51,wg,group,,,,,,,,,50,wg,,,cl,,,,,,,43,,,wg,,,,,,,,,,42,sentence,,,,,,,,,5,,v,,second,future,active,indicative,A0:n64001005001,n64001005001,book,,,,,,,,,,,,,,,,,,,,,,,,,,,,,,,,,,,,,,,,,,,,,
3JN 1:6!11, ,verb,προπέμπω,προπέμψας,4311,singular,masculine,nominative,having set forward,015004,15.72,V-AAP-NSM,προπέμψας,n64001006011,127346,w,προπέμψας,III_John,25,3John,1,6,9,wg,,,cl,V-ADV-ADV,adv,,,,,59,wg,,,cl,ADV-ADV-V-ADV,,,,apposition,,58,wg,apposition,,np,NP-CL,adv,,,,,52,wg,,,cl,O-ADV,,VerbElided,,,,51,wg,group,,,,,,,,,50,,,wg,,,cl,,,,,,,43,wg,,,,,,,,,,42,v,,,aorist,active,participle,A0:n64001005001,n64001005001,sentence,,,,,,,,,5,,,book,,,,,,,,,,,,,,,,,,,,,,,,,,,,,,,,,
3JN 1:6!12, ,adv,ἀξίως,ἀξίως,516,,,,worthily,066,66.6,ADV,ἀξίως,n64001006012,127347,w,ἀξίως,III_John,25,3John,1,6,9,wg,,,cl,V-ADV-ADV,adv,,,,,59,wg,,,cl,ADV-ADV-V-ADV,,,,apposition,,58,wg,apposition,,np,NP-CL,adv,,,,,52,wg,,,cl,O-ADV,,VerbElided,,,,51,wg,group,,,,,,,,,50,,,wg,,,cl,,,,,,,43,wg,,,,,,,,,,42,adv,,,,,,,,sentence,,,,,,,,,5,,,book,,,,,,,,,,,,,,,,,,,,,,,,,,,,,,,,,
3JN 1:6!13, ,det,ὁ,τοῦ,3588,singular,masculine,genitive,-,092004,92.24,T-GSM,τοῦ,n64001006013,127348,w,τοῦ,III_John,25,3John,1,6,10,wg,,,np,DetNP,adv,,,,,60,wg,,,cl,V-ADV-ADV,adv,,,,,59,wg,,,cl,ADV-ADV-V-ADV,,,,apposition,,58,wg,apposition,,np,NP-CL,adv,,,,,52,wg,,,cl,O-ADV,,VerbElided,,,,51,,,wg,group,,,,,,,,,50,wg,,,cl,,,,,,,43,,,,,,,,,wg,,,,,,,,,,42,,sentence,,,,,,,,,5,,book,,,,,,,,,,,,,,,,,,,,,,
3JN 1:6!14,·,noun,θεός,Θεοῦ,2316,singular,masculine,genitive,of God,012001,12.1,N-GSM,Θεοῦ·,n64001006014,127349,w,Θεοῦ,III_John,25,3John,1,6,10,wg,,,np,DetNP,adv,,,,,60,wg,,,cl,V-ADV-ADV,adv,,,,,59,wg,,,cl,ADV-ADV-V-ADV,,,,apposition,,58,wg,apposition,,np,NP-CL,adv,,,,,52,wg,,,cl,O-ADV,,VerbElided,,,,51,,common,wg,group,,,,,,,,,50,wg,,,cl,,,,,,,43,,,,,,,,,wg,,,,,,,,,,42,,sentence,,,,,,,,,5,,book,,,,,,,,,,,,,,,,,,,,,,
3JN 1:7!2, ,conj,γάρ,γάρ,1063,,,,for,089007,89.23,CONJ,γὰρ,n64001007002,127350,w,γὰρ,III_John,25,3John,1,7,4,wg,,,,Conj-CL,,,,,,62,wg,,,,,,,,,,61,sentence,,,,,,,,,6,,book,,,,,,,,,,,,,,,,,,,,,,,,,,,,,,,,,,,,,,,,,,,,,,,,,,,,,,,,,,,,,,,,,true,,,,,,,,,,,,,,,,,,,,,,,,,,,,,,,,,,
3JN 1:7!1, ,prep,ὑπέρ,ὑπέρ,5228,,,,On behalf,090009,90.36,PREP,ὑπὲρ,n64001007001,127351,w,ὑπὲρ,III_John,25,3John,1,7,6,wg,,,pp,PrepNp,adv,,,,,64,wg,,,cl,ADV-V-ADV,,,,,,63,wg,,,,Conj-CL,,,,,,62,wg,,,,,,,,,,61,sentence,,,,,,,,,6,,,,book,,,,,,,,,,,,,,,,,,,,,,,,,,,,,,,,,,,,,,,,,,,,,,,,,,,,,,,,,,,,,,,,,,,,,,,,,,,
3JN 1:7!3, ,det,ὁ,τοῦ,3588,singular,neuter,genitive,of the,092004,92.24,T-GSN,τοῦ,n64001007003,127352,w,τοῦ,III_John,25,3John,1,7,7,wg,,,np,DetNP,,,,,,65,wg,,,pp,PrepNp,adv,,,,,64,wg,,,cl,ADV-V-ADV,,,,,,63,wg,,,,Conj-CL,,,,,,62,wg,,,,,,,,,,61,,,sentence,,,,,,,,,6,,book,,,,,,,,,,,,,,,,,,,,,,,,,,,,,,,,,,,,,,,,,,,,,,,,,,,,,,,,,,,,,,,,
3JN 1:7!4, ,noun,ὄνομα,Ὀνόματος,3686,singular,neuter,genitive,name,009001 033020,33.265 9.19,N-GSN,Ὀνόματος,n64001007004,127353,w,Ὀνόματος,III_John,25,3John,1,7,7,wg,,,np,DetNP,,,,,,65,wg,,,pp,PrepNp,adv,,,,,64,wg,,,cl,ADV-V-ADV,,,,,,63,wg,,,,Conj-CL,,,,,,62,wg,,,,,,,,,,61,,common,sentence,,,,,,,,,6,,book,,,,,,,,,,,,,,,,,,,,,,,,,,,,,,,,,,,,,,,,,,,,,,,,,,,,,,,,,,,,,,,,
3JN 1:7!5, ,verb,ἐξέρχομαι,ἐξῆλθαν,1831,plural,,,they went forth,015004,15.40,V-2AAI-3P,ἐξῆλθαν,n64001007005,127354,w,ἐξῆλθαν,III_John,25,3John,1,7,5,wg,,,cl,ADV-V-ADV,,,,,,63,wg,,,,Conj-CL,,,,,,62,wg,,,,,,,,,,61,sentence,,,,,,,,,6,,book,,,,,,,,,,,,,,,,,,,,,,,,,,,,,,,,,,,v,,third,aorist,active,indicative,A0:n64001005012,n64001005012,,,,,,,,,,,,,,,,,,,,,,,,,,,,,,,,,,,,,,,,,,,,,,
3JN 1:7!6, ,adj,μηδείς,μηδέν,3367,singular,neuter,accusative,nothing,092004,92.23,A-ASN-N,μηδὲν,n64001007006,127355,w,μηδὲν,III_John,25,3John,1,7,6,wg,,,cl,O-V-ADV,adv,,,,,66,wg,,,cl,ADV-V-ADV,,,,,,63,wg,,,,Conj-CL,,,,,,62,wg,,,,,,,,,,61,sentence,,,,,,,,,6,,,,book,,,,,,,,,,,,,,,,,,,,,,o,,,,,,,,,,,,,,,,,,,,,,,,,,,,,,,,,,,,,,,,,,,,,,,,,,,,,
3JN 1:7!7, ,verb,λαμβάνω,λαμβάνοντες,2983,plural,masculine,nominative,accepting,057007,57.55,V-PAP-NPM,λαμβάνοντες,n64001007007,127356,w,λαμβάνοντες,III_John,25,3John,1,7,6,wg,,,cl,O-V-ADV,adv,,,,,66,wg,,,cl,ADV-V-ADV,,,,,,63,wg,,,,Conj-CL,,,,,,62,wg,,,,,,,,,,61,sentence,,,,,,,,,6,,,,book,,,,,,,,,,,,,,,,,,,,,,v,,,present,active,participle,A0:n64001005012 A1:n64001007006,n64001005012,,,,,,,,,,,,,,,,,,,,,,,,,,,,,,,,,,,,,,,,,,,,,,
3JN 1:7!8, ,prep,ἀπό,ἀπό,575,,,,from,090003,90.15,PREP,ἀπὸ,n64001007008,127357,w,ἀπὸ,III_John,25,3John,1,7,7,wg,,,pp,PrepNp,adv,,,,,67,wg,,,cl,O-V-ADV,adv,,,,,66,wg,,,cl,ADV-V-ADV,,,,,,63,wg,,,,Conj-CL,,,,,,62,wg,,,,,,,,,,61,,,sentence,,,,,,,,,6,,book,,,,,,,,,,,,,,,,,,,,,,,,,,,,,,,,,,,,,,,,,,,,,,,,,,,,,,,,,,,,,,,,
3JN 1:7!9, ,det,ὁ,τῶν,3588,plural,masculine,genitive,the,092004,92.24,T-GPM,τῶν,n64001007009,127358,w,τῶν,III_John,25,3John,1,7,8,wg,,,np,DetAdj,,,,,,68,wg,,,pp,PrepNp,adv,,,,,67,wg,,,cl,O-V-ADV,adv,,,,,66,wg,,,cl,ADV-V-ADV,,,,,,63,wg,,,,Conj-CL,,,,,,62,,,wg,,,,,,,,,,61,sentence,,,,,,,,,6,,,,,,,,,,book,,,,,,,,,,,,,,,,,,,,,,,,,,,,,,,,,,,,,,,,,,,,,
3JN 1:7!10,.,adj,ἐθνικός,ἐθνικῶν,1482,plural,masculine,genitive,Gentiles,011002,11.38,A-GPM,ἐθνικῶν.,n64001007010,127359,w,ἐθνικῶν,III_John,25,3John,1,7,8,wg,,,np,DetAdj,,,,,,68,wg,,,pp,PrepNp,adv,,,,,67,wg,,,cl,O-V-ADV,adv,,,,,66,wg,,,cl,ADV-V-ADV,,,,,,63,wg,,,,Conj-CL,,,,,,62,,,wg,,,,,,,,,,61,sentence,,,,,,,,,6,,,,,,,,,,book,,,,,,,,,,,,,,,,,,,,,,,,,,,,,,,,,,,,,,,,,,,,,
3JN 1:8!2, ,conj,οὖν,οὖν,3767,,,,therefore,089008,89.50,CONJ,οὖν,n64001008002,127360,w,οὖν,III_John,25,3John,1,8,4,wg,,,,Conj-CL,,,,,,70,wg,,,,,,,,,,69,sentence,,,,,,,,,7,,book,,,,,,,,,,,,,,,,,,,,,,,,,,,,,,,,,,,,,,,,,,,,,,,,,,,,,,,,,,,,,,,,,true,,,,,,,,,,,,,,,,,,,,,,,,,,,,,,,,,,
3JN 1:8!1, ,pron,ἐγώ,ἡμεῖς,1473,plural,,nominative,We,092002,92.4,P-1NP,ἡμεῖς,n64001008001,127361,w,ἡμεῖς,III_John,25,3John,1,8,5,wg,,,cl,,,,,,,71,wg,,,,Conj-CL,,,,,,70,wg,,,,,,,,,,69,sentence,,,,,,,,,7,,book,,,,,,,,,,,,personal,,,,,,,,,,,,,,,,,,,,,,,s,n64001001002 n64001005001,,,,,,,,,,,,,,,,,,,,,,,,,,,,,,,,,,,,,,,,,,,,,,,,,,,,
3JN 1:8!3, ,verb,ὀφείλω,ὀφείλομεν,3784,plural,,,ought,071004,71.25,V-PAI-1P,ὀφείλομεν,n64001008003,127362,w,ὀφείλομεν,III_John,25,3John,1,8,5,wg,,,cl,,,,,,,71,wg,,,,Conj-CL,,,,,,70,wg,,,,,,,,,,69,sentence,,,,,,,,,7,,book,,,,,,,,,,,,,,,,,,,,,,,,,,,,,,,,,,,v,,first,present,active,indicative,A0:n64001008001 A1:n64001008004,,,,,,,,,,,,,,,,,,,,,,,,,,,,,,,,,,,,,,,,,,,,,,,
3JN 1:8!4, ,verb,ὑπολαμβάνω,ὑπολαμβάνειν,5274,,,,to receive,035001,35.1,V-PAN,ὑπολαμβάνειν,n64001008004,127363,w,ὑπολαμβάνειν,III_John,25,3John,1,8,6,wg,,,cl,V-O,o,,,,,72,wg,,,cl,,,,,,,71,wg,,,,Conj-CL,,,,,,70,wg,,,,,,,,,,69,sentence,,,,,,,,,7,,,,book,,,,,,,,,,,,,,,,,,,,,,v,,,present,active,infinitive,A0:n64001001002;n64001005001 A1:n64001008006,n64001001002 n64001005001,,,,,,,,,,,,,,,,,,,,,,,,,,,,,,,,,,,,,,,,,,,,,,
3JN 1:8!5, ,det,ὁ,τούς,3588,plural,masculine,accusative,-,092004,92.24,T-APM,τοὺς,n64001008005,127364,w,τοὺς,III_John,25,3John,1,8,7,wg,,,np,DetNP,o,,,,,73,wg,,,cl,V-O,o,,,,,72,wg,,,cl,,,,,,,71,wg,,,,Conj-CL,,,,,,70,wg,,,,,,,,,,69,,,sentence,,,,,,,,,7,,book,,,,,,,,,,,,,,,,,,,,,,,,,,,,,,,,,,,,,,,,,,,,,,,,,,,,,,,,,,,,,,,,
3JN 1:8!6,",",pron,τοιοῦτος,τοιούτους,5108,plural,masculine,accusative,such [men],064,64.2,D-APM,"τοιούτους,",n64001008006,127365,w,τοιούτους,III_John,25,3John,1,8,7,wg,,,np,DetNP,o,,,,,73,wg,,,cl,V-O,o,,,,,72,wg,,,cl,,,,,,,71,wg,,,,Conj-CL,,,,,,70,wg,,,,,,,,,,69,,demonstrative,sentence,,,,,,,,,7,,book,,,,,,,,,,,,n64001005012,,,,,,,,,,,,,,,,,,,,,,,,,,,,,,,,,,,,,,,,,,,,,,,,,,,,
3JN 1:8!7, ,conj,ἵνα,ἵνα,2443,,,,so that,089008 089009,89.49 89.59,CONJ,ἵνα,n64001008007,127366,w,ἵνα,III_John,25,3John,1,8,6,wg,,,,sub-CL,adv,,,,,74,wg,,,cl,,,,,,,71,wg,,,,Conj-CL,,,,,,70,wg,,,,,,,,,,69,sentence,,,,,,,,,7,,,,book,,,,,,,,,,,,,,,,,,,,,,,,,,,,,,,,,,,,,,,,,,,,,,,,,,,,,,,,,,,,,,,,,,,,,,,,,,,
3JN 1:8!8, ,adj,συνεργός,συνεργοί,4904,plural,masculine,nominative,fellow workers,042004,42.44,A-NPM,συνεργοὶ,n64001008008,127367,w,συνεργοὶ,III_John,25,3John,1,8,7,wg,,,cl,P-VC-ADV,,,,,,75,wg,,,,sub-CL,adv,,,,,74,wg,,,cl,,,,,,,71,wg,,,,Conj-CL,,,,,,70,wg,,,,,,,,,,69,,,sentence,,,,,,,,,7,,book,,,,,,,,,,,p,,,,,,,,,,,,,,,,,,,,,,,,,,,,,,,,,,,,,,,,,,,,,,,,,,,,,
3JN 1:8!9, ,verb,γίνομαι,γινώμεθα,1096,plural,,,we may be,013001,13.3,V-PNS-1P,γινώμεθα,n64001008009,127368,w,γινώμεθα,III_John,25,3John,1,8,7,wg,,,cl,P-VC-ADV,,,,,,75,wg,,,,sub-CL,adv,,,,,74,wg,,,cl,,,,,,,71,wg,,,,Conj-CL,,,,,,70,wg,,,,,,,,,,69,,,sentence,,,,,,,,,7,,book,,,,,,,,,,,vc,,first,present,middlepassive,subjunctive,,n64001001002 n64001005001,,,,,,,,,,,,,,,,,,,,,,,,,,,,,,,,,,,,,,,,,,,,,,
3JN 1:8!10, ,det,ὁ,τῇ,3588,singular,feminine,dative,in the,092004,92.24,T-DSF,τῇ,n64001008010,127369,w,τῇ,III_John,25,3John,1,8,8,wg,,,np,DetNP,adv,,,,,76,wg,,,cl,P-VC-ADV,,,,,,75,wg,,,,sub-CL,adv,,,,,74,wg,,,cl,,,,,,,71,wg,,,,Conj-CL,,,,,,70,,,wg,,,,,,,,,,69,sentence,,,,,,,,,7,,,,,,,,,,book,,,,,,,,,,,,,,,,,,,,,,,,,,,,,,,,,,,,,,,,,,,,,
3JN 1:8!11,.,noun,ἀλήθεια,ἀληθείᾳ,225,singular,feminine,dative,truth,072001,72.2,N-DSF,ἀληθείᾳ.,n64001008011,127370,w,ἀληθείᾳ,III_John,25,3John,1,8,8,wg,,,np,DetNP,adv,,,,,76,wg,,,cl,P-VC-ADV,,,,,,75,wg,,,,sub-CL,adv,,,,,74,wg,,,cl,,,,,,,71,wg,,,,Conj-CL,,,,,,70,,common,wg,,,,,,,,,,69,sentence,,,,,,,,,7,,,,,,,,,,book,,,,,,,,,,,,,,,,,,,,,,,,,,,,,,,,,,,,,,,,,,,,,
3JN 1:9!1, ,verb,γράφω,Ἔγραψα,1125,singular,,,I have written,033005,33.61,V-AAI-1S,Ἔγραψά,n64001009001,127371,w,Ἔγραψά,III_John,25,3John,1,9,4,wg,,,cl,V-O-IO,,,,,,78,wg,,,,,,,,,,77,sentence,,,,,,,,,8,,book,,,,,,,,,,,,,,,,,,,,,,,,,,,,,,,,,,,,,,,,,,,,,,v,,first,aorist,active,indicative,A0:n64001001002 A1:n64001009002 A2:n64001009004,n64001001002,,,,,,,,,,,,,,,,,,,,,,,,,,,,,,,,,,,,,,,,,,,,,,
3JN 1:9!2, ,pron,τὶς,τι,5100,singular,neuter,accusative,something,,,X-ASN,τι,n64001009002,127372,w,τι,III_John,25,3John,1,9,4,wg,,,cl,V-O-IO,,,,,,78,wg,,,,,,,,,,77,sentence,,,,,,,,,8,,book,,,,,,,,,,,,,,,,,,,,,,,indefinite,,,,,,,,,,,,,,,,,,,,,,,o,,,,,,,,,,,,,,,,,,,,,,,,,,,,,,,,,,,,,,,,,,,,,,,,,,,,,
3JN 1:9!3, ,det,ὁ,τῇ,3588,singular,feminine,dative,to the,092004,92.24,T-DSF,τῇ,n64001009003,127373,w,τῇ,III_John,25,3John,1,9,5,wg,,,np,DetNP,io,,,,,79,wg,,,cl,V-O-IO,,,,,,78,wg,,,,,,,,,,77,sentence,,,,,,,,,8,,book,,,,,,,,,,,,,,,,,,,,,,,,,,,,,,,,,,,,,,,,,,,,,,,,,,,,,,,,,,,,,,,,,,,,,,,,,,,,,,,,,,,,,,,,
3JN 1:9!4,·,noun,ἐκκλησία,ἐκκλησίᾳ,1577,singular,feminine,dative,church,011002,11.32,N-DSF,ἐκκλησίᾳ·,n64001009004,127374,w,ἐκκλησίᾳ,III_John,25,3John,1,9,5,wg,,,np,DetNP,io,,,,,79,wg,,,cl,V-O-IO,,,,,,78,wg,,,,,,,,,,77,sentence,,,,,,,,,8,,book,,,,,,,,,,,,common,,,,,,,,,,,,,,,,,,,,,,,,,,,,,,,,,,,,,,,,,,,,,,,,,,,,,,,,,,,,,,,,,,,,,,,,,,,,
3JN 1:9!5, ,conj,ἀλλά,ἀλλ’,235,,,,but,089023,89.125,CONJ,ἀλλ’,n64001009005,127375,w,ἀλλ’,III_John,25,3John,1,9,4,wg,,,,Conj-CL,,,,,,81,wg,,,,,,,,,,80,sentence,,,,,,,,,9,,book,,,,,,,,,,,,,,,,,,,,,,,,,,,,,,,,,,,,,,,,,,,,,,,,,,,,,,,,,,,,,,,,,,,,,,,,,,,,,,,,,,,,,,,,,,,,,,,,,,,
3JN 1:9!6, ,det,ὁ,ὁ,3588,singular,masculine,nominative,the [one],092004,92.24,T-NSM,ὁ,n64001009006,127376,w,ὁ,III_John,25,3John,1,9,7,wg,,,,DetCL,,,,,,84,wg,apposition,,np,Np-Appos,s,,,,,83,wg,,,cl,S-ADV-V-O,,,,,,82,wg,,,,Conj-CL,,,,,,81,wg,,,,,,,,,,80,,,sentence,,,,,,,,,9,,book,,,,,,,,,,,,,,,,,,,,,,,,,,,,,,,,,,,,,,,,,,,,,,,,,,,,,,,,,,,,,,,,
3JN 1:9!7, ,verb,φιλοπρωτεύω,φιλοπρωτεύων,5383,singular,masculine,nominative,loving to be first,025010,25.110,V-PAP-NSM,φιλοπρωτεύων,n64001009007,127377,w,φιλοπρωτεύων,III_John,25,3John,1,9,8,wg,,,cl,V-ADV,,,,,,85,wg,,,,DetCL,,,,,,84,wg,apposition,,np,Np-Appos,s,,,,,83,wg,,,cl,S-ADV-V-O,,,,,,82,wg,,,,Conj-CL,,,,,,81,,,wg,,,,,,,,,,80,sentence,,,,,,,,,9,,v,,,present,active,participle,A0:n64001009009,n64001009009,book,,,,,,,,,,,,,,,,,,,,,,,,,,,,,,,,,,,,,,,,,,,,,
3JN 1:9!8, ,pron,αὐτός,αὐτῶν,846,plural,feminine,genitive,among them,,,P-GPF,αὐτῶν,n64001009008,127378,w,αὐτῶν,III_John,25,3John,1,9,8,wg,,,cl,V-ADV,,,,,,85,wg,,,,DetCL,,,,,,84,wg,apposition,,np,Np-Appos,s,,,,,83,wg,,,cl,S-ADV-V-O,,,,,,82,wg,,,,Conj-CL,,,,,,81,,personal,wg,,,,,,,,,,80,sentence,,,,,,,,,9,,adv,n64001009004,,,,,,,book,,,,,,,,,,,,,,,,,,,,,,,,,,,,,,,,,,,,,,,,,,,,,
3JN 1:9!9, ,noun,Διοτρέφης,Διοτρεφής,1361,singular,masculine,nominative,Diotrephes,093001,93.99,N-NSM,Διοτρεφὴς,n64001009009,127379,w,Διοτρεφὴς,III_John,25,3John,1,9,6,wg,apposition,,np,Np-Appos,s,,,,,83,wg,,,cl,S-ADV-V-O,,,,,,82,wg,,,,Conj-CL,,,,,,81,wg,,,,,,,,,,80,sentence,,,,,,,,,9,,,proper,book,,,,,,,,,,,,,,,,,,,,,,,,,,,,,,,,,,,,,,,,,,,,,,,,,,,,,,,,,,,,,,,,,,,,,,,,,,,apposition
3JN 1:9!10, ,adv,οὐ,οὐκ,3756,,,,not,,,PRT-N,οὐκ,n64001009010,127380,w,οὐκ,III_John,25,3John,1,9,5,wg,,,cl,S-ADV-V-O,,,,,,82,wg,,,,Conj-CL,,,,,,81,wg,,,,,,,,,,80,sentence,,,,,,,,,9,,book,,,,,,,,,,,,,,,,,,,,,,,,,,,,,,,,,,,adv,,,,,,,,,,,,,,,,,,,,,,,,,,,,,,,,,,,,,,,,,,,,,,,,,,,,,
3JN 1:9!11, ,verb,ἐπιδέχομαι,ἐπιδέχεται,1926,singular,,,welcomes,036003,36.14,V-PNI-3S,ἐπιδέχεται,n64001009011,127381,w,ἐπιδέχεται,III_John,25,3John,1,9,5,wg,,,cl,S-ADV-V-O,,,,,,82,wg,,,,Conj-CL,,,,,,81,wg,,,,,,,,,,80,sentence,,,,,,,,,9,,book,,,,,,,,,,,,,,,,,,,,,,,,,,,,,,,,,,,v,,third,present,middlepassive,indicative,A0:n64001009007 A1:n64001009012,,,,,,,,,,,,,,,,,,,,,,,,,,,,,,,,,,,,,,,,,,,,,,,
3JN 1:9!12,.,pron,ἐγώ,ἡμᾶς,1473,plural,,accusative,us,092002,92.4,P-1AP,ἡμᾶς.,n64001009012,127382,w,ἡμᾶς,III_John,25,3John,1,9,5,wg,,,cl,S-ADV-V-O,,,,,,82,wg,,,,Conj-CL,,,,,,81,wg,,,,,,,,,,80,sentence,,,,,,,,,9,,book,,,,,,,,,,,,personal,,,,,,,,,,,,,,,,,,,,,,,o,n64001001002 n64001005001,,,,,,,,,,,,,,,,,,,,,,,,,,,,,,,,,,,,,,,,,,,,,,,,,,,,
3JN 1:10!1, ,prep,διά,διά,1223,,,,Because of,089007,89.26,PREP,διὰ,n64001010001,127383,w,διὰ,III_John,25,3John,1,10,5,wg,,,pp,PrepNp,adv,,,,,88,wg,,,cl,ADV-ADV-V-O,,,,,,87,wg,,,,,,,,,,86,sentence,,,,,,,,,10,,book,,,,,,,,,,,,,,,,,,,,,,,,,,,,,,,,,,,,,,,,,,,,,,,,,,,,,,,,,,,,,,,,,,,,,,,,,,,,,,,,,,,,,,,,
3JN 1:10!2,",",pron,οὗτος,τοῦτο,3778,singular,neuter,accusative,this,,,D-ASN,"τοῦτο,",n64001010002,127384,w,τοῦτο,III_John,25,3John,1,10,5,wg,,,pp,PrepNp,adv,,,,,88,wg,,,cl,ADV-ADV-V-O,,,,,,87,wg,,,,,,,,,,86,sentence,,,,,,,,,10,,book,,,,,,,,,,,,demonstrative,,,,,,,,,,,,,,,,,,,,,,,,,,,,,,,,,,,,,,,,,,,,,,,,,,,,,,,,,,,,,,,,,,,,,,,,,,,,
3JN 1:10!3, ,conj,ἐάν,ἐάν,1437,,,,if,067002 089010,67.32 89.67,COND,ἐὰν,n64001010003,127385,w,ἐὰν,III_John,25,3John,1,10,5,wg,,,,sub-CL,adv,,,,,89,wg,,,cl,ADV-ADV-V-O,,,,,,87,wg,,,,,,,,,,86,sentence,,,,,,,,,10,,book,,,,,,,,,,,,,,,,,,,,,,,,,,,,,,,,,,,,,,,,,,,,,,,,,,,,,,,,,,,,,,,,,,,,,,,,,,,,,,,,,,,,,,,,
3JN 1:10!4,",",verb,ἔρχομαι,ἔλθω,2064,singular,,,I might come,015006,15.81,V-2AAS-1S,"ἔλθω,",n64001010004,127386,w,ἔλθω,III_John,25,3John,1,10,6,wg,,,cl,V2CL,,,,,,90,wg,,,,sub-CL,adv,,,,,89,wg,,,cl,ADV-ADV-V-O,,,,,,87,wg,,,,,,,,,,86,sentence,,,,,,,,,10,,,,book,,,,,,,,,,,,,,,,,,,,,,v,,first,aorist,active,subjunctive,A0:n64001001002,n64001001002,,,,,,,,,,,,,,,,,,,,,,,,,,,,,,,,,,,,,,,,,,,,,,
3JN 1:10!5, ,verb,ὑπομιμνῄσκω,ὑπομνήσω,5279,singular,,,I will bring to remembrance,029002,29.10,V-FAI-1S,ὑπομνήσω,n64001010005,127387,w,ὑπομνήσω,III_John,25,3John,1,10,4,wg,,,cl,ADV-ADV-V-O,,,,,,87,wg,,,,,,,,,,86,sentence,,,,,,,,,10,,book,,,,,,,,,,,,,,,,,,,,,,,,,,,,,,,,,,,,,,,,,,,,,,v,,first,future,active,indicative,A0:n64001001002 A1:n64001010008,n64001001002,,,,,,,,,,,,,,,,,,,,,,,,,,,,,,,,,,,,,,,,,,,,,,
3JN 1:10!6, ,pron,αὐτός,αὐτοῦ,846,singular,masculine,genitive,of him,,,P-GSM,αὐτοῦ,n64001010006,127388,w,αὐτοῦ,III_John,25,3John,1,10,6,wg,,,np,ofNPNP,,,,,,92,wg,apposition,,np,NP-CL,o,,,,,91,wg,,,cl,ADV-ADV-V-O,,,,,,87,wg,,,,,,,,,,86,sentence,,,,,,,,,10,,,personal,book,,,,,,,,,,,,,,,,,,,,,,,n64001009007,,,,,,,,,,,,,,,,,,,,,,,,,,,,,,,,,,,,,,,,,,,,,,,,,,,,
3JN 1:10!7, ,det,ὁ,τά,3588,plural,neuter,accusative,the,092004,92.24,T-APN,τὰ,n64001010007,127389,w,τὰ,III_John,25,3John,1,10,7,wg,,,np,DetNP,,,,,,93,wg,,,np,ofNPNP,,,,,,92,wg,apposition,,np,NP-CL,o,,,,,91,wg,,,cl,ADV-ADV-V-O,,,,,,87,wg,,,,,,,,,,86,,,sentence,,,,,,,,,10,,book,,,,,,,,,,,,,,,,,,,,,,,,,,,,,,,,,,,,,,,,,,,,,,,,,,,,,,,,,,,,,,,,
3JN 1:10!8, ,noun,ἔργον,ἔργα,2041,plural,neuter,accusative,works,042002,42.11,N-APN,ἔργα,n64001010008,127390,w,ἔργα,III_John,25,3John,1,10,7,wg,,,np,DetNP,,,,,,93,wg,,,np,ofNPNP,,,,,,92,wg,apposition,,np,NP-CL,o,,,,,91,wg,,,cl,ADV-ADV-V-O,,,,,,87,wg,,,,,,,,,,86,,common,sentence,,,,,,,,,10,,book,,,,,,,,,,,,,,,,,,,,,,,,,,,,,,,,,,,,,,,,,,,,,,,,,,,,,,,,,,,,,,,,
3JN 1:10!9, ,pron,ὅς,ἅ,3739,plural,neuter,accusative,which,,,R-APN,ἃ,n64001010009,127391,w,ἃ,III_John,25,3John,1,10,6,wg,,,cl,O-V-ADV,,,,apposition,,94,wg,apposition,,np,NP-CL,o,,,,,91,wg,,,cl,ADV-ADV-V-O,,,,,,87,wg,,,,,,,,,,86,sentence,,,,,,,,,10,,,relative,book,,,,,,,,,,,,,,,,,,,,,,o,n64001010008,,,,,,,,,,,,,,,,,,,,,,,,,,,,,,,,,,,,,,,,,,,,,,,,,,,,
3JN 1:10!10, ,verb,ποιέω,ποιεῖ,4160,singular,,,he is doing,,,V-PAI-3S,ποιεῖ,n64001010010,127392,w,ποιεῖ,III_John,25,3John,1,10,6,wg,,,cl,O-V-ADV,,,,apposition,,94,wg,apposition,,np,NP-CL,o,,,,,91,wg,,,cl,ADV-ADV-V-O,,,,,,87,wg,,,,,,,,,,86,sentence,,,,,,,,,10,,,,book,,,,,,,,,,,,,,,,,,,,,,v,,third,present,active,indicative,A0:n64001009007 A1:n64001010009,n64001009007,,,,,,,,,,,,,,,,,,,,,,,,,,,,,,,,,,,,,,,,,,,,,,
3JN 1:10!11, ,noun,λόγος,λόγοις,3056,plural,masculine,dative,with words,033006,33.98,N-DPM,λόγοις,n64001010011,127393,w,λόγοις,III_John,25,3John,1,10,8,wg,,,np,NpAdjp,adv,,,,,96,wg,,,cl,ADV-V-O,adv,,,,,95,wg,,,cl,O-V-ADV,,,,apposition,,94,wg,apposition,,np,NP-CL,o,,,,,91,wg,,,cl,ADV-ADV-V-O,,,,,,87,,common,wg,,,,,,,,,,86,sentence,,,,,,,,,10,,,,,,,,,,book,,,,,,,,,,,,,,,,,,,,,,,,,,,,,,,,,,,,,,,,,,,,,
3JN 1:10!12, ,adj,πονηρός,πονηροῖς,4190,plural,masculine,dative,evil,088015,88.110,A-DPM,πονηροῖς,n64001010012,127394,w,πονηροῖς,III_John,25,3John,1,10,8,wg,,,np,NpAdjp,adv,,,,,96,wg,,,cl,ADV-V-O,adv,,,,,95,wg,,,cl,O-V-ADV,,,,apposition,,94,wg,apposition,,np,NP-CL,o,,,,,91,wg,,,cl,ADV-ADV-V-O,,,,,,87,,,wg,,,,,,,,,,86,sentence,,,,,,,,,10,,,,,,,,,,book,,,,,,,,,,,,,,,,,,,,,,,,,,,,,,,,,,,,,,,,,,,,,
3JN 1:10!13, ,verb,φλυαρέω,φλυαρῶν,5396,singular,masculine,nominative,prating against,033040,33.374,V-PAP-NSM,φλυαρῶν,n64001010013,127395,w,φλυαρῶν,III_John,25,3John,1,10,7,wg,,,cl,ADV-V-O,adv,,,,,95,wg,,,cl,O-V-ADV,,,,apposition,,94,wg,apposition,,np,NP-CL,o,,,,,91,wg,,,cl,ADV-ADV-V-O,,,,,,87,wg,,,,,,,,,,86,,,sentence,,,,,,,,,10,,book,,,,,,,,,,,v,,,present,active,participle,A0:n64001009007 A1:n64001010014,n64001009007,,,,,,,,,,,,,,,,,,,,,,,,,,,,,,,,,,,,,,,,,,,,,,
3JN 1:10!14,",",pron,ἐγώ,ἡμᾶς,1473,plural,,accusative,us,092002,92.4,P-1AP,"ἡμᾶς,",n64001010014,127396,w,ἡμᾶς,III_John,25,3John,1,10,7,wg,,,cl,ADV-V-O,adv,,,,,95,wg,,,cl,O-V-ADV,,,,apposition,,94,wg,apposition,,np,NP-CL,o,,,,,91,wg,,,cl,ADV-ADV-V-O,,,,,,87,wg,,,,,,,,,,86,,personal,sentence,,,,,,,,,10,,book,,,,,,,,,,,o,n64001001002 n64001005001,,,,,,,,,,,,,,,,,,,,,,,,,,,,,,,,,,,,,,,,,,,,,,,,,,,,
3JN 1:10!15, ,conj,καί,καί,2532,,,,and,,,CONJ,καὶ,n64001010015,127397,w,καὶ,III_John,25,3John,1,10,4,wg,,,,Conj-CL,,,,,,98,wg,,,,,,,,,,97,sentence,,,,,,,,,11,,book,,,,,,,,,,,,,,,,,,,,,,,,,,,,,,,,,,,,,,,,,,,,,,,,,,,,,,,,,,,,,,,,,,,,,,,,,,,,,,,,,,,,,,,,,,,,,,,,,,,
3JN 1:10!16, ,adv,μή,μή,3361,,,,not,,,PRT-N,μὴ,n64001010016,127398,w,μὴ,III_John,25,3John,1,10,6,wg,,,cl,ADV-V-ADV,topic,,,,,100,wg,,,cl,,,,,,,99,wg,,,,Conj-CL,,,,,,98,wg,,,,,,,,,,97,sentence,,,,,,,,,11,,,,book,,,,,,,,,,,,,,,,,,,,,,adv,,,,,,,,,,,,,,,,,,,,,,,,,,,,,,,,,,,,,,,,,,,,,,,,,,,,,
3JN 1:10!17, ,verb,ἀρκέω,ἀρκούμενος,714,singular,masculine,nominative,being satisfied,025007,25.81,V-PPP-NSM,ἀρκούμενος,n64001010017,127399,w,ἀρκούμενος,III_John,25,3John,1,10,6,wg,,,cl,ADV-V-ADV,topic,,,,,100,wg,,,cl,,,,,,,99,wg,,,,Conj-CL,,,,,,98,wg,,,,,,,,,,97,sentence,,,,,,,,,11,,,,book,,,,,,,,,,,,,,,,,,,,,,v,,,present,passive,participle,A1:n64001009007,n64001009007,,,,,,,,,,,,,,,,,,,,,,,,,,,,,,,,,,,,,,,,,,,,,,
3JN 1:10!18, ,prep,ἐπί,ἐπί,1909,,,,with,,,PREP,ἐπὶ,n64001010018,127400,w,ἐπὶ,III_John,25,3John,1,10,7,wg,,,pp,PrepNp,adv,,,,,101,wg,,,cl,ADV-V-ADV,topic,,,,,100,wg,,,cl,,,,,,,99,wg,,,,Conj-CL,,,,,,98,wg,,,,,,,,,,97,,,sentence,,,,,,,,,11,,book,,,,,,,,,,,,,,,,,,,,,,,,,,,,,,,,,,,,,,,,,,,,,,,,,,,,,,,,,,,,,,,,
3JN 1:10!19, ,pron,οὗτος,τούτοις,3778,plural,masculine,dative,these,,,D-DPM,τούτοις,n64001010019,127401,w,τούτοις,III_John,25,3John,1,10,7,wg,,,pp,PrepNp,adv,,,,,101,wg,,,cl,ADV-V-ADV,topic,,,,,100,wg,,,cl,,,,,,,99,wg,,,,Conj-CL,,,,,,98,wg,,,,,,,,,,97,,demonstrative,sentence,,,,,,,,,11,,book,,,,,,,,,,,,n64001010008,,,,,,,,,,,,,,,,,,,,,,,,,,,,,,,,,,,,,,,,,,,,,,,,,,,,
3JN 1:10!20, ,conj,οὔτε,οὔτε,3777,,,,neither,069003,69.9,CONJ-N,οὔτε,n64001010020,127402,w,οὔτε,III_John,25,3John,1,10,6,wg,group,,,,,,,,,102,wg,,,cl,,,,,,,99,wg,,,,Conj-CL,,,,,,98,wg,,,,,,,,,,97,sentence,,,,,,,,,11,,,,book,,,,,,,,,,,,,,,,,,,,,,,,,,,,,,,,,,,,,,,,,,,,,,,,,,,,,,,,,,,,,,,,,,,,,,,,,,,
3JN 1:10!21, ,pron,αὐτός,αὐτός,846,singular,masculine,nominative,himself,,,P-NSM,αὐτὸς,n64001010021,127403,w,αὐτὸς,III_John,25,3John,1,10,7,wg,,,cl,S-V-O,,,,,,103,wg,group,,,,,,,,,102,wg,,,cl,,,,,,,99,wg,,,,Conj-CL,,,,,,98,wg,,,,,,,,,,97,,personal,sentence,,,,,,,,,11,,book,,,,,,,,,,,s,n64001009007,,,,,,,,,,,,,,,,,,,,,,,,,,,,,,,,,,,,,,,,,,,,,,,,,,,,
3JN 1:10!22, ,verb,ἐπιδέχομαι,ἐπιδέχεται,1926,singular,,,he receives,034007,34.53,V-PNI-3S,ἐπιδέχεται,n64001010022,127404,w,ἐπιδέχεται,III_John,25,3John,1,10,7,wg,,,cl,S-V-O,,,,,,103,wg,group,,,,,,,,,102,wg,,,cl,,,,,,,99,wg,,,,Conj-CL,,,,,,98,wg,,,,,,,,,,97,,,sentence,,,,,,,,,11,,book,,,,,,,,,,,v,,third,present,middlepassive,indicative,A0:n64001010021 A1:n64001010024,,,,,,,,,,,,,,,,,,,,,,,,,,,,,,,,,,,,,,,,,,,,,,,
3JN 1:10!23, ,det,ὁ,τούς,3588,plural,masculine,accusative,the,092004,92.24,T-APM,τοὺς,n64001010023,127405,w,τοὺς,III_John,25,3John,1,10,8,wg,,,np,DetNP,o,,,,,104,wg,,,cl,S-V-O,,,,,,103,wg,group,,,,,,,,,102,wg,,,cl,,,,,,,99,wg,,,,Conj-CL,,,,,,98,,,wg,,,,,,,,,,97,sentence,,,,,,,,,11,,,,,,,,,,book,,,,,,,,,,,,,,,,,,,,,,,,,,,,,,,,,,,,,,,,,,,,,
3JN 1:10!24, ,noun,ἀδελφός,ἀδελφούς,80,plural,masculine,accusative,brothers,011002,11.23,N-APM,ἀδελφοὺς,n64001010024,127406,w,ἀδελφοὺς,III_John,25,3John,1,10,8,wg,,,np,DetNP,o,,,,,104,wg,,,cl,S-V-O,,,,,,103,wg,group,,,,,,,,,102,wg,,,cl,,,,,,,99,wg,,,,Conj-CL,,,,,,98,,common,wg,,,,,,,,,,97,sentence,,,,,,,,,11,,,,,,,,,,book,,,,,,,,,,,,,,,,,,,,,,,,,,,,,,,,,,,,,,,,,,,,,
3JN 1:10!25, ,conj,καί,καί,2532,,,,and,,,CONJ,καὶ,n64001010025,127407,w,καὶ,III_John,25,3John,1,10,6,wg,group,,,,,,,,,105,wg,,,cl,,,,,,,99,wg,,,,Conj-CL,,,,,,98,wg,,,,,,,,,,97,sentence,,,,,,,,,11,,,,book,,,,,,,,,,,,,,,,,,,,,,,,,,,,,,,,,,,,,,,,,,,,,,,,,,,,,,,,,,,,,,,,,,,,,,,,,,,
3JN 1:10!26, ,det,ὁ,τούς,3588,plural,masculine,accusative,those,092004,92.24,T-APM,τοὺς,n64001010026,127408,w,τοὺς,III_John,25,3John,1,10,8,wg,,,,DetCL,o,,,,,107,wg,,,cl,O-V,,,,,,106,wg,group,,,,,,,,,105,wg,,,cl,,,,,,,99,wg,,,,Conj-CL,,,,,,98,,,wg,,,,,,,,,,97,sentence,,,,,,,,,11,,,,,,,,,,book,,,,,,,,,,,,,,,,,,,,,,,,,,,,,,,,,,,,,,,,,,,,,
3JN 1:10!27, ,verb,βούλομαι,βουλομένους,1014,plural,masculine,accusative,purposing,030004,30.56,V-PNP-APM,βουλομένους,n64001010027,127409,w,βουλομένους,III_John,25,3John,1,10,9,wg,,,cl,V2CL,,,,,,108,wg,,,,DetCL,o,,,,,107,wg,,,cl,O-V,,,,,,106,wg,group,,,,,,,,,105,wg,,,cl,,,,,,,99,,,wg,,,,Conj-CL,,,,,,98,wg,,,,,,,,,,97,v,,,present,middlepassive,participle,A0:n00000000000,,sentence,,,,,,,,,11,,,book,,,,,,,,,,,,,,,,,,,,,,,,,,,,,,,,,
3JN 1:10!28, ,verb,κωλύω,κωλύει,2967,singular,,,he forbids,013004,13.146,V-PAI-3S,κωλύει,n64001010028,127410,w,κωλύει,III_John,25,3John,1,10,7,wg,,,cl,O-V,,,,,,106,wg,group,,,,,,,,,105,wg,,,cl,,,,,,,99,wg,,,,Conj-CL,,,,,,98,wg,,,,,,,,,,97,,,sentence,,,,,,,,,11,,book,,,,,,,,,,,v,,third,present,active,indicative,A0:n64001009007 A1:n64001010027,n64001009007,,,,,,,,,,,,,,,,,,,,,,,,,,,,,,,,,,,,,,,,,,,,,,
3JN 1:10!29, ,conj,καί,καί,2532,,,,and,,,CONJ,καὶ,n64001010029,127411,w,καὶ,III_John,25,3John,1,10,6,wg,group,,,,,,,,,109,wg,,,cl,,,,,,,99,wg,,,,Conj-CL,,,,,,98,wg,,,,,,,,,,97,sentence,,,,,,,,,11,,,,book,,,,,,,,,,,,,,,,,,,,,,,,,,,,,,,,,,,,,,,,,,,,,,,,,,,,,,,,,,,,,,,,,,,,,,,,,,,
3JN 1:10!30, ,prep,ἐκ,ἐκ,1537,,,,from,,,PREP,ἐκ,n64001010030,127412,w,ἐκ,III_John,25,3John,1,10,8,wg,,,pp,PrepNp,adv,,,,,111,wg,,,cl,ADV-V,,,,,,110,wg,group,,,,,,,,,109,wg,,,cl,,,,,,,99,wg,,,,Conj-CL,,,,,,98,,,wg,,,,,,,,,,97,sentence,,,,,,,,,11,,,,,,,,,,book,,,,,,,,,,,,,,,,,,,,,,,,,,,,,,,,,,,,,,,,,,,,,
3JN 1:10!31, ,det,ὁ,τῆς,3588,singular,feminine,genitive,the,092004,92.24,T-GSF,τῆς,n64001010031,127413,w,τῆς,III_John,25,3John,1,10,9,wg,,,np,DetNP,,,,,,112,wg,,,pp,PrepNp,adv,,,,,111,wg,,,cl,ADV-V,,,,,,110,wg,group,,,,,,,,,109,wg,,,cl,,,,,,,99,,,wg,,,,Conj-CL,,,,,,98,wg,,,,,,,,,,97,,,,,,,,,sentence,,,,,,,,,11,,,book,,,,,,,,,,,,,,,,,,,,,,,,,,,,,,,,,
3JN 1:10!32, ,noun,ἐκκλησία,ἐκκλησίας,1577,singular,feminine,genitive,church,011002,11.32,N-GSF,ἐκκλησίας,n64001010032,127414,w,ἐκκλησίας,III_John,25,3John,1,10,9,wg,,,np,DetNP,,,,,,112,wg,,,pp,PrepNp,adv,,,,,111,wg,,,cl,ADV-V,,,,,,110,wg,group,,,,,,,,,109,wg,,,cl,,,,,,,99,,common,wg,,,,Conj-CL,,,,,,98,wg,,,,,,,,,,97,,,,,,,,,sentence,,,,,,,,,11,,,book,,,,,,,,,,,,,,,,,,,,,,,,,,,,,,,,,
3JN 1:10!33,.,verb,ἐκβάλλω,ἐκβάλλει,1544,singular,,,he casts [them] out,015004,15.44,V-PAI-3S,ἐκβάλλει.,n64001010033,127415,w,ἐκβάλλει,III_John,25,3John,1,10,7,wg,,,cl,ADV-V,,,,,,110,wg,group,,,,,,,,,109,wg,,,cl,,,,,,,99,wg,,,,Conj-CL,,,,,,98,wg,,,,,,,,,,97,,,sentence,,,,,,,,,11,,book,,,,,,,,,,,v,,third,present,active,indicative,A0:n64001009007,n64001009007,,,,,,,,,,,,,,,,,,,,,,,,,,,,,,,,,,,,,,,,,,,,,,
3JN 1:11!1,",",adj,ἀγαπητός,Ἀγαπητέ,27,singular,masculine,vocative,Beloved,025003,25.45,A-VSM,"Ἀγαπητέ,",n64001011001,127416,w,Ἀγαπητέ,III_John,25,3John,1,11,5,wg,,,,Np2CL,,Minor,,,,115,wg,,,cl,,,,,,,114,wg,,,,,,,,,,113,sentence,,,,,,,,,12,,book,,,,,,,,,,,,,,,,,,,,,,,,,,,,,,,,,,,aux,,,,,,,,,,,,,,,,,,,,,,,,,,,,,,,,,,,,,,,,,,,,,,,,,,,,,
3JN 1:11!2, ,adv,μή,μή,3361,,,,not,,,PRT-N,μὴ,n64001011002,127417,w,μὴ,III_John,25,3John,1,11,4,wg,,,cl,,,,,,,114,wg,,,,,,,,,,113,sentence,,,,,,,,,12,,book,,,,,,,,,,,,,,,,,,,,,,,,,,,,,,,,,,,,,,,,,,,,,,,,,,,,,,,,,,,,,,,,,,,,,,,,,,,,,,,,,,,,,,,,,,,,,,,,,,,
3JN 1:11!3, ,verb,μιμέομαι,μιμοῦ,3401,singular,,,do imitate,041004,41.44,V-PNM-2S,μιμοῦ,n64001011003,127418,w,μιμοῦ,III_John,25,3John,1,11,5,wg,,,cl,V-O,,,,,,116,wg,,,cl,,,,,,,114,wg,,,,,,,,,,113,sentence,,,,,,,,,12,,book,,,,,,,,,,,,,,,,,,,,,,,,,,,,,,,,,,,v,,second,present,middlepassive,imperative,A0:n64001011001 A1:n64001011005,n64001011001,,,,,,,,,,,,,,,,,,,,,,,,,,,,,,,,,,,,,,,,,,,,,,
3JN 1:11!4, ,det,ὁ,τό,3588,singular,neuter,accusative,what [is],092004,92.24,T-ASN,τὸ,n64001011004,127419,w,τὸ,III_John,25,3John,1,11,6,wg,,,np,DetAdj,o,,,,,117,wg,,,cl,V-O,,,,,,116,wg,,,cl,,,,,,,114,wg,,,,,,,,,,113,sentence,,,,,,,,,12,,,,book,,,,,,,,,,,,,,,,,,,,,,,,,,,,,,,,,,,,,,,,,,,,,,,,,,,,,,,,,,,,,,,,,,,,,,,,,,,
3JN 1:11!5, ,adj,κακός,κακόν,2556,singular,neuter,accusative,evil,088015,88.106,A-ASN,κακὸν,n64001011005,127420,w,κακὸν,III_John,25,3John,1,11,6,wg,,,np,DetAdj,o,,,,,117,wg,,,cl,V-O,,,,,,116,wg,,,cl,,,,,,,114,wg,,,,,,,,,,113,sentence,,,,,,,,,12,,,,book,,,,,,,,,,,,,,,,,,,,,,,,,,,,,,,,,,,,,,,,,,,,,,,,,,,,,,,,,,,,,,,,,,,,,,,,,,,
3JN 1:11!6, ,conj,ἀλλά,ἀλλά,235,,,,but,089023,89.125,CONJ,ἀλλὰ,n64001011006,127421,w,ἀλλὰ,III_John,25,3John,1,11,4,wg,,,cl,,,,,,,114,wg,,,,,,,,,,113,sentence,,,,,,,,,12,,book,,,,,,,,,,,,,,,,,,,,,,,,,,,,,,,,,,,,,,,,,,,,,,,,,,,,,,,,,,,,,,,,,,,,,,,,,,,,,,,,,,,,,,,,,,,,,,,,,,,
3JN 1:11!7, ,det,ὁ,τό,3588,singular,neuter,accusative,what [is],092004,92.24,T-ASN,τὸ,n64001011007,127422,w,τὸ,III_John,25,3John,1,11,6,wg,,,np,DetAdj,o,,,,,119,wg,,,cl,O2CL,,VerbElided,,,,118,wg,,,cl,,,,,,,114,wg,,,,,,,,,,113,sentence,,,,,,,,,12,,,,book,,,,,,,,,,,,,,,,,,,,,,,,,,,,,,,,,,,,,,,,,,,,,,,,,,,,,,,,,,,,,,,,,,,,,,,,,,,
3JN 1:11!8,.,adj,ἀγαθός,ἀγαθόν,18,singular,neuter,accusative,good,088001,88.1,A-ASN,ἀγαθόν.,n64001011008,127423,w,ἀγαθόν,III_John,25,3John,1,11,6,wg,,,np,DetAdj,o,,,,,119,wg,,,cl,O2CL,,VerbElided,,,,118,wg,,,cl,,,,,,,114,wg,,,,,,,,,,113,sentence,,,,,,,,,12,,,,book,,,,,,,,,,,,,,,,,,,,,,,,,,,,,,,,,,,,,,,,,,,,,,,,,,,,,,,,,,,,,,,,,,,,,,,,,,,
3JN 1:11!9, ,det,ὁ,ὁ,3588,singular,masculine,nominative,The [one],092004,92.24,T-NSM,ὁ,n64001011009,127424,w,ὁ,III_John,25,3John,1,11,5,wg,,,,DetCL,s,,,,,122,wg,,,cl,S-P-VC,,,,,,121,wg,,,,,,,,,,120,sentence,,,,,,,,,13,,book,,,,,,,,,,,,,,,,,,,,,,,,,,,,,,,,,,,,,,,,,,,,,,,,,,,,,,,,,,,,,,,,,,,,,,,,,,,,,,,,,,,,,,,,
3JN 1:11!10, ,verb,ἀγαθοποιέω,ἀγαθοποιῶν,15,singular,masculine,nominative,doing good,088001,88.3,V-PAP-NSM,ἀγαθοποιῶν,n64001011010,127425,w,ἀγαθοποιῶν,III_John,25,3John,1,11,6,wg,,,cl,V2CL,,,,,,123,wg,,,,DetCL,s,,,,,122,wg,,,cl,S-P-VC,,,,,,121,wg,,,,,,,,,,120,sentence,,,,,,,,,13,,,,book,,,,,,,,,,,,,,,,,,,,,,v,,,present,active,participle,A0:n00000000000,,,,,,,,,,,,,,,,,,,,,,,,,,,,,,,,,,,,,,,,,,,,,,,
3JN 1:11!11, ,prep,ἐκ,ἐκ,1537,,,,of,089003,89.3,PREP,ἐκ,n64001011011,127426,w,ἐκ,III_John,25,3John,1,11,5,wg,,,pp,PrepNp,p,,,,,124,wg,,,cl,S-P-VC,,,,,,121,wg,,,,,,,,,,120,sentence,,,,,,,,,13,,book,,,,,,,,,,,,,,,,,,,,,,,,,,,,,,,,,,,,,,,,,,,,,,,,,,,,,,,,,,,,,,,,,,,,,,,,,,,,,,,,,,,,,,,,
3JN 1:11!12, ,det,ὁ,τοῦ,3588,singular,masculine,genitive,-,092004,92.24,T-GSM,τοῦ,n64001011012,127427,w,τοῦ,III_John,25,3John,1,11,6,wg,,,np,DetNP,,,,,,125,wg,,,pp,PrepNp,p,,,,,124,wg,,,cl,S-P-VC,,,,,,121,wg,,,,,,,,,,120,sentence,,,,,,,,,13,,,,book,,,,,,,,,,,,,,,,,,,,,,,,,,,,,,,,,,,,,,,,,,,,,,,,,,,,,,,,,,,,,,,,,,,,,,,,,,,
3JN 1:11!13, ,noun,θεός,Θεοῦ,2316,singular,masculine,genitive,God,012001,12.1,N-GSM,Θεοῦ,n64001011013,127428,w,Θεοῦ,III_John,25,3John,1,11,6,wg,,,np,DetNP,,,,,,125,wg,,,pp,PrepNp,p,,,,,124,wg,,,cl,S-P-VC,,,,,,121,wg,,,,,,,,,,120,sentence,,,,,,,,,13,,,common,book,,,,,,,,,,,,,,,,,,,,,,,,,,,,,,,,,,,,,,,,,,,,,,,,,,,,,,,,,,,,,,,,,,,,,,,,,,,
3JN 1:11!14,·,verb,εἰμί,ἐστιν,1510,singular,,,is,,,V-PAI-3S,ἐστιν·,n64001011014,127429,w,ἐστιν,III_John,25,3John,1,11,4,wg,,,cl,S-P-VC,,,,,,121,wg,,,,,,,,,,120,sentence,,,,,,,,,13,,book,,,,,,,,,,,,,,,,,,,,,,,,,,,,,,,,,,,,,,,,,,,,,,vc,,third,present,active,indicative,,,,,,,,,,,,,,,,,,,,,,,,,,,,,,,,,,,,,,,,,,,,,,,,
3JN 1:11!15, ,det,ὁ,ὁ,3588,singular,masculine,nominative,the [one],092004,92.24,T-NSM,ὁ,n64001011015,127430,w,ὁ,III_John,25,3John,1,11,5,wg,,,,DetCL,s,,,,,128,wg,,,cl,S-ADV-V-O,,,,,,127,wg,,,,,,,,,,126,sentence,,,,,,,,,14,,book,,,,,,,,,,,,,,,,,,,,,,,,,,,,,,,,,,,,,,,,,,,,,,,,,,,,,,,,,,,,,,,,,,,,,,,,,,,,,,,,,,,,,,,,
3JN 1:11!16, ,verb,κακοποιέω,κακοποιῶν,2554,singular,masculine,nominative,doing evil,088015,88.112,V-PAP-NSM,κακοποιῶν,n64001011016,127431,w,κακοποιῶν,III_John,25,3John,1,11,6,wg,,,cl,V2CL,,,,,,129,wg,,,,DetCL,s,,,,,128,wg,,,cl,S-ADV-V-O,,,,,,127,wg,,,,,,,,,,126,sentence,,,,,,,,,14,,,,book,,,,,,,,,,,,,,,,,,,,,,v,,,present,active,participle,A0:n00000000000,,,,,,,,,,,,,,,,,,,,,,,,,,,,,,,,,,,,,,,,,,,,,,,
3JN 1:11!17, ,adv,οὐ,οὐχ,3756,,,,not,,,PRT-N,οὐχ,n64001011017,127432,w,οὐχ,III_John,25,3John,1,11,4,wg,,,cl,S-ADV-V-O,,,,,,127,wg,,,,,,,,,,126,sentence,,,,,,,,,14,,book,,,,,,,,,,,,,,,,,,,,,,,,,,,,,,,,,,,,,,,,,,,,,,adv,,,,,,,,,,,,,,,,,,,,,,,,,,,,,,,,,,,,,,,,,,,,,,,,,,,,,
3JN 1:11!18, ,verb,ὁράω,ἑώρακεν,3708,singular,,,has seen,024001,24.1,V-RAI-3S-ATT,ἑώρακεν,n64001011018,127433,w,ἑώρακεν,III_John,25,3John,1,11,4,wg,,,cl,S-ADV-V-O,,,,,,127,wg,,,,,,,,,,126,sentence,,,,,,,,,14,,book,,,,,,,,,,,,,,,,,,,,,,,,,,,,,,,,,,,,,,,,,,,,,,v,,third,perfect,active,indicative,A0:n64001011016 A1:n64001011020,,,,,,,,,,,,,,,,,,,,,,,,,,,,,,,,,,,,,,,,,,,,,,,
3JN 1:11!19, ,det,ὁ,τόν,3588,singular,masculine,accusative,-,092004,92.24,T-ASM,τὸν,n64001011019,127434,w,τὸν,III_John,25,3John,1,11,5,wg,,,np,DetNP,o,,,,,130,wg,,,cl,S-ADV-V-O,,,,,,127,wg,,,,,,,,,,126,sentence,,,,,,,,,14,,book,,,,,,,,,,,,,,,,,,,,,,,,,,,,,,,,,,,,,,,,,,,,,,,,,,,,,,,,,,,,,,,,,,,,,,,,,,,,,,,,,,,,,,,,
3JN 1:11!20,.,noun,θεός,Θεόν,2316,singular,masculine,accusative,God,012001,12.1,N-ASM,Θεόν.,n64001011020,127435,w,Θεόν,III_John,25,3John,1,11,5,wg,,,np,DetNP,o,,,,,130,wg,,,cl,S-ADV-V-O,,,,,,127,wg,,,,,,,,,,126,sentence,,,,,,,,,14,,book,,,,,,,,,,,,common,,,,,,,,,,,,,,,,,,,,,,,,,,,,,,,,,,,,,,,,,,,,,,,,,,,,,,,,,,,,,,,,,,,,,,,,,,,,
3JN 1:12!1, ,noun,Δημήτριος,Δημητρίῳ,1216,singular,masculine,dative,To Demetrius,093001,93.93b,N-DSM,Δημητρίῳ,n64001012001,127436,w,Δημητρίῳ,III_John,25,3John,1,12,4,wg,,,cl,ADV-V-ADV,,,,,,132,wg,,,,,,,,,,131,sentence,,,,,,,,,15,,book,,,,,,,,,,,,,,,,,,,,,,,proper,,,,,,,,,,,,,,,,,,,,,,,adv,,,,,,,,,,,,,,,,,,,,,,,,,,,,,,,,,,,,,,,,,,,,,,,,,,,,,
3JN 1:12!2, ,verb,μαρτυρέω,μεμαρτύρηται,3140,singular,,,witness has been given,033020,33.263,V-RPI-3S,μεμαρτύρηται,n64001012002,127437,w,μεμαρτύρηται,III_John,25,3John,1,12,4,wg,,,cl,ADV-V-ADV,,,,,,132,wg,,,,,,,,,,131,sentence,,,,,,,,,15,,book,,,,,,,,,,,,,,,,,,,,,,,,,,,,,,,,,,,,,,,,,,,,,,v,,third,perfect,passive,indicative,A1:n00000000000 A2:n64001012001,,,,,,,,,,,,,,,,,,,,,,,,,,,,,,,,,,,,,,,,,,,,,,,
3JN 1:12!3, ,prep,ὑπό,ὑπό,5259,,,,by,090001,90.1,PREP,ὑπὸ,n64001012003,127438,w,ὑπὸ,III_John,25,3John,1,12,6,wg,,,pp,PrepNp,,,,,,134,wg,,,,Conj2Pp,adv,,,,,133,wg,,,cl,ADV-V-ADV,,,,,,132,wg,,,,,,,,,,131,sentence,,,,,,,,,15,,,,book,,,,,,,,,,,,,,,,,,,,,,,,,,,,,,,,,,,,,,,,,,,,,,,,,,,,,,,,,,,,,,,,,,,,,,,,,,,
3JN 1:12!4, ,adj,πᾶς,πάντων,3956,plural,masculine,genitive,all,059003,59.23,A-GPM,πάντων,n64001012004,127439,w,πάντων,III_John,25,3John,1,12,6,wg,,,pp,PrepNp,,,,,,134,wg,,,,Conj2Pp,adv,,,,,133,wg,,,cl,ADV-V-ADV,,,,,,132,wg,,,,,,,,,,131,sentence,,,,,,,,,15,,,,book,,,,,,,,,,,,,,,,,,,,,,,,,,,,,,,,,,,,,,,,,,,,,,,,,,,,,,,,,,,,,,,,,,,,,,,,,,,
3JN 1:12!5, ,conj,καί,καί,2532,,,,and,,,CONJ,καὶ,n64001012005,127440,w,καὶ,III_John,25,3John,1,12,6,wg,group,,,,,,,,,135,wg,,,,Conj2Pp,adv,,,,,133,wg,,,cl,ADV-V-ADV,,,,,,132,wg,,,,,,,,,,131,sentence,,,,,,,,,15,,,,book,,,,,,,,,,,,,,,,,,,,,,,,,,,,,,,,,,,,,,,,,,,,,,,,,,,,,,,,,,,,,,,,,,,,,,,,,,,
3JN 1:12!6, ,prep,ὑπό,ὑπό,5259,,,,by,,,PREP,ὑπὸ,n64001012006,127441,w,ὑπὸ,III_John,25,3John,1,12,7,wg,,,pp,PrepNp,,,,,,136,wg,group,,,,,,,,,135,wg,,,,Conj2Pp,adv,,,,,133,wg,,,cl,ADV-V-ADV,,,,,,132,wg,,,,,,,,,,131,,,sentence,,,,,,,,,15,,book,,,,,,,,,,,,,,,,,,,,,,,,,,,,,,,,,,,,,,,,,,,,,,,,,,,,,,,,,,,,,,,,
3JN 1:12!7, ,pron,αὐτός,αὐτῆς,846,singular,feminine,genitive,itself,,,P-GSF,αὐτῆς,n64001012007,127442,w,αὐτῆς,III_John,25,3John,1,12,8,wg,,,np,PronNP,,,,,,137,wg,,,pp,PrepNp,,,,,,136,wg,group,,,,,,,,,135,wg,,,,Conj2Pp,adv,,,,,133,wg,,,cl,ADV-V-ADV,,,,,,132,,personal,wg,,,,,,,,,,131,sentence,,,,,,,,,15,,,n64001012009,,,,,,,book,,,,,,,,,,,,,,,,,,,,,,,,,,,,,,,,,,,,,,,,,,,,,
3JN 1:12!8, ,det,ὁ,τῆς,3588,singular,feminine,genitive,the,092004,92.24,T-GSF,τῆς,n64001012008,127443,w,τῆς,III_John,25,3John,1,12,9,wg,,,np,DetNP,,,,,,138,wg,,,np,PronNP,,,,,,137,wg,,,pp,PrepNp,,,,,,136,wg,group,,,,,,,,,135,wg,,,,Conj2Pp,adv,,,,,133,,,wg,,,cl,ADV-V-ADV,,,,,,132,wg,,,,,,,,,,131,,,,,,,,,sentence,,,,,,,,,15,,,book,,,,,,,,,,,,,,,,,,,,,,,,,,,,,,,,,
3JN 1:12!9,·,noun,ἀλήθεια,ἀληθείας,225,singular,feminine,genitive,truth,072001,72.2,N-GSF,ἀληθείας·,n64001012009,127444,w,ἀληθείας,III_John,25,3John,1,12,9,wg,,,np,DetNP,,,,,,138,wg,,,np,PronNP,,,,,,137,wg,,,pp,PrepNp,,,,,,136,wg,group,,,,,,,,,135,wg,,,,Conj2Pp,adv,,,,,133,,common,wg,,,cl,ADV-V-ADV,,,,,,132,wg,,,,,,,,,,131,,,,,,,,,sentence,,,,,,,,,15,,,book,,,,,,,,,,,,,,,,,,,,,,,,,,,,,,,,,
3JN 1:12!12, ,conj,δέ,δέ,1161,,,,also,,,CONJ,δὲ,n64001012012,127445,w,δὲ,III_John,25,3John,1,12,4,wg,,,,Conj-CL,,,,,,140,wg,,,,,,,,,,139,sentence,,,,,,,,,16,,book,,,,,,,,,,,,,,,,,,,,,,,,,,,,,,,,,,,,,,,,,,,,,,,,,,,,,,,,,,,,,,,,,true,,,,,,,,,,,,,,,,,,,,,,,,,,,,,,,,,,
3JN 1:12!10, ,adv,καί,καί,2532,,,,and,089017,89.93,CONJ,καὶ,n64001012010,127446,w,καὶ,III_John,25,3John,1,12,7,wg,,,np,AdvpNp,s,,,,,143,wg,,,cl,S-V,,,,,,142,wg,,,,CLaCL,,,,,,141,wg,,,,Conj-CL,,,,,,140,wg,,,,,,,,,,139,,,sentence,,,,,,,,,16,,book,,,,,,,,,,,,,,,,,,,,,,,,,,,,,,,,,,,,,,,,,,,,,,,,,,,,,,,,,,,,,,,,
3JN 1:12!11, ,pron,ἐγώ,ἡμεῖς,1473,plural,,nominative,we,092002,92.4,P-1NP,ἡμεῖς,n64001012011,127447,w,ἡμεῖς,III_John,25,3John,1,12,7,wg,,,np,AdvpNp,s,,,,,143,wg,,,cl,S-V,,,,,,142,wg,,,,CLaCL,,,,,,141,wg,,,,Conj-CL,,,,,,140,wg,,,,,,,,,,139,,personal,sentence,,,,,,,,,16,,book,,,,,,,,,,,,n64001001002 n64001010024,,,,,,,,,,,,,,,,,,,,,,,,,,,,,,,,,,,,,,,,,,,,,,,,,,,,
3JN 1:12!13,",",verb,μαρτυρέω,μαρτυροῦμεν,3140,plural,,,bear witness,033020,33.262,V-PAI-1P,"μαρτυροῦμεν,",n64001012013,127448,w,μαρτυροῦμεν,III_John,25,3John,1,12,6,wg,,,cl,S-V,,,,,,142,wg,,,,CLaCL,,,,,,141,wg,,,,Conj-CL,,,,,,140,wg,,,,,,,,,,139,sentence,,,,,,,,,16,,,,book,,,,,,,,,,,,,,,,,,,,,,v,,first,present,active,indicative,A0:n64001012011,,,,,,,,,,,,,,,,,,,,,,,,,,,,,,,,,,,,,,,,,,,,,,,
3JN 1:12!14, ,conj,καί,καί,2532,,,,and,,,CONJ,καὶ,n64001012014,127449,w,καὶ,III_John,25,3John,1,12,6,wg,group,,,,,,,,,144,wg,,,,CLaCL,,,,,,141,wg,,,,Conj-CL,,,,,,140,wg,,,,,,,,,,139,sentence,,,,,,,,,16,,,,book,,,,,,,,,,,,,,,,,,,,,,,,,,,,,,,,,,,,,,,,,,,,,,,,,,,,,,,,,,,,,,,,,,,,,,,,,,,
3JN 1:12!15, ,verb,οἶδα,οἶδας,1492,singular,,,you know,028001,28.1,V-RAI-2S,οἶδας,n64001012015,127450,w,οἶδας,III_John,25,3John,1,12,7,wg,,,cl,,,,,,,145,wg,group,,,,,,,,,144,wg,,,,CLaCL,,,,,,141,wg,,,,Conj-CL,,,,,,140,wg,,,,,,,,,,139,,,sentence,,,,,,,,,16,,book,,,,,,,,,,,v,,second,perfect,active,indicative,A0:n64001011001,n64001011001,,,,,,,,,,,,,,,,,,,,,,,,,,,,,,,,,,,,,,,,,,,,,,
3JN 1:12!16, ,conj,ὅτι,ὅτι,3754,,,,that,,,CONJ,ὅτι,n64001012016,127451,w,ὅτι,III_John,25,3John,1,12,8,wg,,,,that-VP,o,,,,,146,wg,,,cl,,,,,,,145,wg,group,,,,,,,,,144,wg,,,,CLaCL,,,,,,141,wg,,,,Conj-CL,,,,,,140,,,wg,,,,,,,,,,139,sentence,,,,,,,,,16,,,,,,,,,,book,,,,,,,,,,,,,,,,,,,,,,,,,,,,,,,,,,,,,,,,,,,,,
3JN 1:12!17, ,det,ὁ,ἡ,3588,singular,feminine,nominative,the,092004,92.24,T-NSF,ἡ,n64001012017,127452,w,ἡ,III_John,25,3John,1,12,10,wg,,,np,DetNP,s,,,,,148,wg,,,cl,S-P-VC,,,,,,147,wg,,,,that-VP,o,,,,,146,wg,,,cl,,,,,,,145,wg,group,,,,,,,,,144,,,wg,,,,CLaCL,,,,,,141,wg,,,,Conj-CL,,,,,,140,,,,,,,,,wg,,,,,,,,,,139,,sentence,,,,,,,,,16,,book,,,,,,,,,,,,,,,,,,,,,,
3JN 1:12!18, ,noun,μαρτυρία,μαρτυρία,3141,singular,feminine,nominative,testimony,033020,33.264,N-NSF,μαρτυρία,n64001012018,127453,w,μαρτυρία,III_John,25,3John,1,12,11,wg,,,np,NPofNP,,,,,,149,wg,,,np,DetNP,s,,,,,148,wg,,,cl,S-P-VC,,,,,,147,wg,,,,that-VP,o,,,,,146,wg,,,cl,,,,,,,145,,common,wg,group,,,,,,,,,144,wg,,,,CLaCL,,,,,,141,,,,,,,,,wg,,,,Conj-CL,,,,,,140,,wg,,,,,,,,,,139,sentence,,,,,,,,,16,,book,,,,,,,,,,,
3JN 1:12!19, ,pron,ἐγώ,ἡμῶν,1473,plural,,genitive,of us,092002,92.4,P-1GP,ἡμῶν,n64001012019,127454,w,ἡμῶν,III_John,25,3John,1,12,11,wg,,,np,NPofNP,,,,,,149,wg,,,np,DetNP,s,,,,,148,wg,,,cl,S-P-VC,,,,,,147,wg,,,,that-VP,o,,,,,146,wg,,,cl,,,,,,,145,,personal,wg,group,,,,,,,,,144,wg,,,,CLaCL,,,,,,141,,n64001001002 n64001010024,,,,,,,wg,,,,Conj-CL,,,,,,140,,wg,,,,,,,,,,139,sentence,,,,,,,,,16,,book,,,,,,,,,,,
3JN 1:12!20, ,adj,ἀληθής,ἀληθής,227,singular,feminine,nominative,true,072001,72.1,A-NSF,ἀληθής,n64001012020,127455,w,ἀληθής,III_John,25,3John,1,12,9,wg,,,cl,S-P-VC,,,,,,147,wg,,,,that-VP,o,,,,,146,wg,,,cl,,,,,,,145,wg,group,,,,,,,,,144,wg,,,,CLaCL,,,,,,141,,,wg,,,,Conj-CL,,,,,,140,wg,,,,,,,,,,139,p,,,,,,,,sentence,,,,,,,,,16,,,book,,,,,,,,,,,,,,,,,,,,,,,,,,,,,,,,,
3JN 1:12!21,.,verb,εἰμί,ἐστιν,1510,singular,,,is,,,V-PAI-3S,ἐστιν.,n64001012021,127456,w,ἐστιν,III_John,25,3John,1,12,9,wg,,,cl,S-P-VC,,,,,,147,wg,,,,that-VP,o,,,,,146,wg,,,cl,,,,,,,145,wg,group,,,,,,,,,144,wg,,,,CLaCL,,,,,,141,,,wg,,,,Conj-CL,,,,,,140,wg,,,,,,,,,,139,vc,,third,present,active,indicative,,,sentence,,,,,,,,,16,,,book,,,,,,,,,,,,,,,,,,,,,,,,,,,,,,,,,
3JN 1:13!2, ,verb,ἔχω,εἶχον,2192,singular,,,I had,,,V-IAI-1S,εἶχον,n64001013002,127457,w,εἶχον,III_John,25,3John,1,13,5,wg,,,cl,V-O,,,,,,152,wg,,,,CLaCL,,,,,,151,wg,,,,,,,,,,150,sentence,,,,,,,,,17,,book,,,,,,,,,,,,,,,,,,,,,,,,,,,,,,,,,,,v,,first,imperfect,active,indicative,A0:n64001001002 A1:n64001013003,n64001001002,,,,,,,,,,,,true,,,,,,,,,,,,,,,,,,,,,,,,,,,,,,,,,,
3JN 1:13!1, ,adj,πολύς,Πολλά,4183,plural,neuter,accusative,Many things,,,A-APN,Πολλὰ,n64001013001,127458,w,Πολλὰ,III_John,25,3John,1,13,6,wg,,,cl,O-V-IO,o,,,,,153,wg,,,cl,V-O,,,,,,152,wg,,,,CLaCL,,,,,,151,wg,,,,,,,,,,150,sentence,,,,,,,,,17,,,,book,,,,,,,,,,,,,,,,,,,,,,o,,,,,,,,,,,,,,,,,,,,,,,,,,,,,,,,,,,,,,,,,,,,,,,,,,,,,
3JN 1:13!3, ,verb,γράφω,γράψαι,1125,,,,to write,033005,33.61,V-AAN,γράψαι,n64001013003,127459,w,γράψαι,III_John,25,3John,1,13,6,wg,,,cl,O-V-IO,o,,,,,153,wg,,,cl,V-O,,,,,,152,wg,,,,CLaCL,,,,,,151,wg,,,,,,,,,,150,sentence,,,,,,,,,17,,,,book,,,,,,,,,,,,,,,,,,,,,,v,,,aorist,active,infinitive,A0:n64001001002 A1:n64001013001 A2:n64001013004,n64001001002,,,,,,,,,,,,,,,,,,,,,,,,,,,,,,,,,,,,,,,,,,,,,,
3JN 1:13!4,",",pron,σύ,σοι,4771,singular,,dative,to you,,,P-2DS,"σοι,",n64001013004,127460,w,σοι,III_John,25,3John,1,13,6,wg,,,cl,O-V-IO,o,,,,,153,wg,,,cl,V-O,,,,,,152,wg,,,,CLaCL,,,,,,151,wg,,,,,,,,,,150,sentence,,,,,,,,,17,,,personal,book,,,,,,,,,,,,,,,,,,,,,,io,n64001011001,,,,,,,,,,,,,,,,,,,,,,,,,,,,,,,,,,,,,,,,,,,,,,,,,,,,
3JN 1:13!5, ,conj,ἀλλά,ἀλλ’,235,,,,but,089023,89.125,CONJ,ἀλλ’,n64001013005,127461,w,ἀλλ’,III_John,25,3John,1,13,5,wg,group,,,,,,,,,154,wg,,,,CLaCL,,,,,,151,wg,,,,,,,,,,150,sentence,,,,,,,,,17,,book,,,,,,,,,,,,,,,,,,,,,,,,,,,,,,,,,,,,,,,,,,,,,,,,,,,,,,,,,,,,,,,,,,,,,,,,,,,,,,,,,,,,,,,,
3JN 1:13!6, ,adv,οὐ,οὐ,3756,,,,not,,,PRT-N,οὐ,n64001013006,127462,w,οὐ,III_John,25,3John,1,13,6,wg,,,cl,ADV-V-O,,,,,,155,wg,group,,,,,,,,,154,wg,,,,CLaCL,,,,,,151,wg,,,,,,,,,,150,sentence,,,,,,,,,17,,,,book,,,,,,,,,,,,,,,,,,,,,,adv,,,,,,,,,,,,,,,,,,,,,,,,,,,,,,,,,,,,,,,,,,,,,,,,,,,,,
3JN 1:13!7, ,verb,θέλω,θέλω,2309,singular,,,I desire,025001,25.1,V-PAI-1S,θέλω,n64001013007,127463,w,θέλω,III_John,25,3John,1,13,6,wg,,,cl,ADV-V-O,,,,,,155,wg,group,,,,,,,,,154,wg,,,,CLaCL,,,,,,151,wg,,,,,,,,,,150,sentence,,,,,,,,,17,,,,book,,,,,,,,,,,,,,,,,,,,,,v,,first,present,active,indicative,A0:n64001001002 A1:n64001013013,n64001001002,,,,,,,,,,,,,,,,,,,,,,,,,,,,,,,,,,,,,,,,,,,,,,
3JN 1:13!8, ,prep,διά,διά,1223,,,,with,,,PREP,διὰ,n64001013008,127464,w,διὰ,III_John,25,3John,1,13,8,wg,,,pp,PrepNp,adv,,,,,157,wg,,,cl,ADV-IO-V,o,,,,,156,wg,,,cl,ADV-V-O,,,,,,155,wg,group,,,,,,,,,154,wg,,,,CLaCL,,,,,,151,,,wg,,,,,,,,,,150,sentence,,,,,,,,,17,,,,,,,,,,book,,,,,,,,,,,,,,,,,,,,,,,,,,,,,,,,,,,,,,,,,,,,,
3JN 1:13!9, ,adj,μέλας,μέλανος,3188,singular,neuter,genitive,ink,006010,6.57,A-GSN,μέλανος,n64001013009,127465,w,μέλανος,III_John,25,3John,1,13,9,wg,,,,NpaNp,,,,,,158,wg,,,pp,PrepNp,adv,,,,,157,wg,,,cl,ADV-IO-V,o,,,,,156,wg,,,cl,ADV-V-O,,,,,,155,wg,group,,,,,,,,,154,,,wg,,,,CLaCL,,,,,,151,wg,,,,,,,,,,150,,,,,,,,,sentence,,,,,,,,,17,,,book,,,,,,,,,,,,,,,,,,,,,,,,,,,,,,,,,
3JN 1:13!10, ,conj,καί,καί,2532,,,,and,,,CONJ,καὶ,n64001013010,127466,w,καὶ,III_John,25,3John,1,13,10,wg,group,,,,,,,,,159,wg,,,,NpaNp,,,,,,158,wg,,,pp,PrepNp,adv,,,,,157,wg,,,cl,ADV-IO-V,o,,,,,156,wg,,,cl,ADV-V-O,,,,,,155,,,wg,group,,,,,,,,,154,wg,,,,CLaCL,,,,,,151,,,,,,,,,wg,,,,,,,,,,150,,sentence,,,,,,,,,17,,book,,,,,,,,,,,,,,,,,,,,,,
3JN 1:13!11, ,noun,κάλαμος,καλάμου,2563,singular,masculine,genitive,pen,006010,6.56,N-GSM,καλάμου,n64001013011,127467,w,καλάμου,III_John,25,3John,1,13,10,wg,group,,,,,,,,,159,wg,,,,NpaNp,,,,,,158,wg,,,pp,PrepNp,adv,,,,,157,wg,,,cl,ADV-IO-V,o,,,,,156,wg,,,cl,ADV-V-O,,,,,,155,,common,wg,group,,,,,,,,,154,wg,,,,CLaCL,,,,,,151,,,,,,,,,wg,,,,,,,,,,150,,sentence,,,,,,,,,17,,book,,,,,,,,,,,,,,,,,,,,,,
3JN 1:13!12, ,pron,σύ,σοι,4771,singular,,dative,to you,,,P-2DS,σοι,n64001013012,127468,w,σοι,III_John,25,3John,1,13,7,wg,,,cl,ADV-IO-V,o,,,,,156,wg,,,cl,ADV-V-O,,,,,,155,wg,group,,,,,,,,,154,wg,,,,CLaCL,,,,,,151,wg,,,,,,,,,,150,,personal,sentence,,,,,,,,,17,,book,,,,,,,,,,,io,n64001011001,,,,,,,,,,,,,,,,,,,,,,,,,,,,,,,,,,,,,,,,,,,,,,,,,,,,
3JN 1:13!13,·,verb,γράφω,γράφειν,1125,,,,to write,033005,33.61,V-PAN,γράφειν·,n64001013013,127469,w,γράφειν,III_John,25,3John,1,13,7,wg,,,cl,ADV-IO-V,o,,,,,156,wg,,,cl,ADV-V-O,,,,,,155,wg,group,,,,,,,,,154,wg,,,,CLaCL,,,,,,151,wg,,,,,,,,,,150,,,sentence,,,,,,,,,17,,book,,,,,,,,,,,v,,,present,active,infinitive,A0:n64001001002 A2:n64001013012,n64001001002,,,,,,,,,,,,,,,,,,,,,,,,,,,,,,,,,,,,,,,,,,,,,,
3JN 1:14!2, ,conj,δέ,δέ,1161,,,,however,089023,89.124,CONJ,δὲ,n64001014002,127470,w,δὲ,III_John,25,3John,1,14,4,wg,,,,Conj-CL,,,,,,161,wg,,,,,,,,,,160,sentence,,,,,,,,,18,,book,,,,,,,,,,,,,,,,,,,,,,,,,,,,,,,,,,,,,,,,,,,,,,,,,,,,,,,,,,,,,,,,,true,,,,,,,,,,,,,,,,,,,,,,,,,,,,,,,,,,
3JN 1:14!1, ,verb,ἐλπίζω,ἐλπίζω,1679,singular,,,I hope,030003,30.54,V-PAI-1S,ἐλπίζω,n64001014001,127471,w,ἐλπίζω,III_John,25,3John,1,14,6,wg,,,cl,V-O,,,,,,163,wg,,,,CLaCL,,,,,,162,wg,,,,Conj-CL,,,,,,161,wg,,,,,,,,,,160,sentence,,,,,,,,,18,,,,book,,,,,,,,,,,,,,,,,,,,,,v,,first,present,active,indicative,A0:n64001001002 A1:n64001014005,n64001001002,,,,,,,,,,,,,,,,,,,,,,,,,,,,,,,,,,,,,,,,,,,,,,
3JN 1:14!3, ,adv,εὐθέως,εὐθέως,2112,,,,soon,067002,67.53,ADV,εὐθέως,n64001014003,127472,w,εὐθέως,III_John,25,3John,1,14,7,wg,,,cl,ADV-O-V,o,,,,,164,wg,,,cl,V-O,,,,,,163,wg,,,,CLaCL,,,,,,162,wg,,,,Conj-CL,,,,,,161,wg,,,,,,,,,,160,,,sentence,,,,,,,,,18,,book,,,,,,,,,,,adv,,,,,,,,,,,,,,,,,,,,,,,,,,,,,,,,,,,,,,,,,,,,,,,,,,,,,
3JN 1:14!4, ,pron,σύ,σε,4771,singular,,accusative,you,,,P-2AS,σε,n64001014004,127473,w,σε,III_John,25,3John,1,14,7,wg,,,cl,ADV-O-V,o,,,,,164,wg,,,cl,V-O,,,,,,163,wg,,,,CLaCL,,,,,,162,wg,,,,Conj-CL,,,,,,161,wg,,,,,,,,,,160,,personal,sentence,,,,,,,,,18,,book,,,,,,,,,,,o,n64001011001,,,,,,,,,,,,,,,,,,,,,,,,,,,,,,,,,,,,,,,,,,,,,,,,,,,,
3JN 1:14!5,",",verb,ὁράω,ἰδεῖν,3708,,,,to see,034006,34.50,V-2AAN,"ἰδεῖν,",n64001014005,127474,w,ἰδεῖν,III_John,25,3John,1,14,7,wg,,,cl,ADV-O-V,o,,,,,164,wg,,,cl,V-O,,,,,,163,wg,,,,CLaCL,,,,,,162,wg,,,,Conj-CL,,,,,,161,wg,,,,,,,,,,160,,,sentence,,,,,,,,,18,,book,,,,,,,,,,,v,,,aorist,active,infinitive,A0:n64001001002 A1:n64001014004,n64001001002,,,,,,,,,,,,,,,,,,,,,,,,,,,,,,,,,,,,,,,,,,,,,,
3JN 1:14!6, ,conj,καί,καί,2532,,,,and,,,CONJ,καὶ,n64001014006,127475,w,καὶ,III_John,25,3John,1,14,6,wg,group,,,,,,,,,165,wg,,,,CLaCL,,,,,,162,wg,,,,Conj-CL,,,,,,161,wg,,,,,,,,,,160,sentence,,,,,,,,,18,,,,book,,,,,,,,,,,,,,,,,,,,,,,,,,,,,,,,,,,,,,,,,,,,,,,,,,,,,,,,,,,,,,,,,,,,,,,,,,,
3JN 1:14!7, ,noun,στόμα,στόμα,4750,singular,neuter,accusative,mouth,083006,83.39,N-ASN,στόμα,n64001014007,127476,w,στόμα,III_John,25,3John,1,14,8,wg,,,np,NpPp,adv,,,,,167,wg,,,cl,ADV-V,,,,,,166,wg,group,,,,,,,,,165,wg,,,,CLaCL,,,,,,162,wg,,,,Conj-CL,,,,,,161,,common,wg,,,,,,,,,,160,sentence,,,,,,,,,18,,,,,,,,,,book,,,,,,,,,,,,,,,,,,,,,,,,,,,,,,,,,,,,,,,,,,,,,
3JN 1:14!8, ,prep,πρός,πρός,4314,,,,to,084002,84.18,PREP,πρὸς,n64001014008,127477,w,πρὸς,III_John,25,3John,1,14,9,wg,,,pp,PrepNp,,,,,,168,wg,,,np,NpPp,adv,,,,,167,wg,,,cl,ADV-V,,,,,,166,wg,group,,,,,,,,,165,wg,,,,CLaCL,,,,,,162,,,wg,,,,Conj-CL,,,,,,161,wg,,,,,,,,,,160,,,,,,,,,sentence,,,,,,,,,18,,,book,,,,,,,,,,,,,,,,,,,,,,,,,,,,,,,,,
3JN 1:14!9, ,noun,στόμα,στόμα,4750,singular,neuter,accusative,mouth,083006,83.39,N-ASN,στόμα,n64001014009,127478,w,στόμα,III_John,25,3John,1,14,9,wg,,,pp,PrepNp,,,,,,168,wg,,,np,NpPp,adv,,,,,167,wg,,,cl,ADV-V,,,,,,166,wg,group,,,,,,,,,165,wg,,,,CLaCL,,,,,,162,,common,wg,,,,Conj-CL,,,,,,161,wg,,,,,,,,,,160,,,,,,,,,sentence,,,,,,,,,18,,,book,,,,,,,,,,,,,,,,,,,,,,,,,,,,,,,,,
3JN 1:14!10,.,verb,λαλέω,λαλήσομεν,2980,plural,,,we will speak,033006,33.70,V-FAI-1P,λαλήσομεν.,n64001014010,127479,w,λαλήσομεν,III_John,25,3John,1,14,7,wg,,,cl,ADV-V,,,,,,166,wg,group,,,,,,,,,165,wg,,,,CLaCL,,,,,,162,wg,,,,Conj-CL,,,,,,161,wg,,,,,,,,,,160,,,sentence,,,,,,,,,18,,book,,,,,,,,,,,v,,first,future,active,indicative,A0:n64001001002;n64001011001,n64001001002 n64001011001,,,,,,,,,,,,,,,,,,,,,,,,,,,,,,,,,,,,,,,,,,,,,,
3JN 1:15!1, ,noun,εἰρήνη,Εἰρήνη,1515,singular,feminine,nominative,Peace,022007,22.42,N-NSF,Εἰρήνη,n64001015001,127480,w,Εἰρήνη,III_John,25,3John,1,15,4,wg,,,cl,S-IO,,VerbElided,,,,170,wg,,,,,,,,,,169,sentence,,,,,,,,,19,,book,,,,,,,,,,,,,,,,,,,,,,,common,,,,,,,,,,,,,,,,,,,,,,,s,,,,,,,,,,,,,,,,,,,,,,,,,,,,,,,,,,,,,,,,,,,,,,,,,,,,,
3JN 1:15!2,.,pron,σύ,σοι,4771,singular,,dative,to you,,,P-2DS,σοι.,n64001015002,127481,w,σοι,III_John,25,3John,1,15,4,wg,,,cl,S-IO,,VerbElided,,,,170,wg,,,,,,,,,,169,sentence,,,,,,,,,19,,book,,,,,,,,,,,,,,,,,,,,,,,personal,,,,,,,,,,,,,,,,,,,,,,,io,n64001011001,,,,,,,,,,,,,,,,,,,,,,,,,,,,,,,,,,,,,,,,,,,,,,,,,,,,
3JN 1:15!3, ,verb,ἀσπάζομαι,ἀσπάζονται,782,plural,,,Greet,033003,33.20,V-PNI-3P,ἀσπάζονταί,n64001015003,127482,w,ἀσπάζονταί,III_John,25,3John,1,15,4,wg,,,cl,V-O-S,,,,,,172,wg,,,,,,,,,,171,sentence,,,,,,,,,20,,book,,,,,,,,,,,,,,,,,,,,,,,,,,,,,,,,,,,,,,,,,,,,,,v,,third,present,middlepassive,indicative,A1:n64001015004 A0:n64001015006,,,,,,,,,,,,,,,,,,,,,,,,,,,,,,,,,,,,,,,,,,,,,,,
3JN 1:15!4, ,pron,σύ,σε,4771,singular,,accusative,you,,,P-2AS,σε,n64001015004,127483,w,σε,III_John,25,3John,1,15,4,wg,,,cl,V-O-S,,,,,,172,wg,,,,,,,,,,171,sentence,,,,,,,,,20,,book,,,,,,,,,,,,,,,,,,,,,,,personal,,,,,,,,,,,,,,,,,,,,,,,o,n64001011001,,,,,,,,,,,,,,,,,,,,,,,,,,,,,,,,,,,,,,,,,,,,,,,,,,,,
3JN 1:15!5, ,det,ὁ,οἱ,3588,plural,masculine,nominative,the,092004,92.24,T-NPM,οἱ,n64001015005,127484,w,οἱ,III_John,25,3John,1,15,5,wg,,,np,DetAdj,s,,,,,173,wg,,,cl,V-O-S,,,,,,172,wg,,,,,,,,,,171,sentence,,,,,,,,,20,,book,,,,,,,,,,,,,,,,,,,,,,,,,,,,,,,,,,,,,,,,,,,,,,,,,,,,,,,,,,,,,,,,,,,,,,,,,,,,,,,,,,,,,,,,
3JN 1:15!6,.,adj,φίλος,φίλοι,5384,plural,masculine,nominative,friends,034001,34.11,A-NPM,φίλοι.,n64001015006,127485,w,φίλοι,III_John,25,3John,1,15,5,wg,,,np,DetAdj,s,,,,,173,wg,,,cl,V-O-S,,,,,,172,wg,,,,,,,,,,171,sentence,,,,,,,,,20,,book,,,,,,,,,,,,,,,,,,,,,,,,,,,,,,,,,,,,,,,,,,,,,,,,,,,,,,,,,,,,,,,,,,,,,,,,,,,,,,,,,,,,,,,,
3JN 1:15!7, ,verb,ἀσπάζομαι,ἀσπάζου,782,singular,,,Greet,033003,33.20,V-PNM-2S,ἀσπάζου,n64001015007,127486,w,ἀσπάζου,III_John,25,3John,1,15,4,wg,,,cl,V-O-ADV,,,,,,175,wg,,,,,,,,,,174,sentence,,,,,,,,,21,,book,,,,,,,,,,,,,,,,,,,,,,,,,,,,,,,,,,,,,,,,,,,,,,v,,second,present,middlepassive,imperative,A0:n64001011001 A1:n64001015009,n64001011001,,,,,,,,,,,,,,,,,,,,,,,,,,,,,,,,,,,,,,,,,,,,,,
3JN 1:15!8, ,det,ὁ,τούς,3588,plural,masculine,accusative,the,092004,92.24,T-APM,τοὺς,n64001015008,127487,w,τοὺς,III_John,25,3John,1,15,5,wg,,,np,DetAdj,o,,,,,176,wg,,,cl,V-O-ADV,,,,,,175,wg,,,,,,,,,,174,sentence,,,,,,,,,21,,book,,,,,,,,,,,,,,,,,,,,,,,,,,,,,,,,,,,,,,,,,,,,,,,,,,,,,,,,,,,,,,,,,,,,,,,,,,,,,,,,,,,,,,,,
3JN 1:15!9, ,adj,φίλος,φίλους,5384,plural,masculine,accusative,friends,034001,34.11,A-APM,φίλους,n64001015009,127488,w,φίλους,III_John,25,3John,1,15,5,wg,,,np,DetAdj,o,,,,,176,wg,,,cl,V-O-ADV,,,,,,175,wg,,,,,,,,,,174,sentence,,,,,,,,,21,,book,,,,,,,,,,,,,,,,,,,,,,,,,,,,,,,,,,,,,,,,,,,,,,,,,,,,,,,,,,,,,,,,,,,,,,,,,,,,,,,,,,,,,,,,
3JN 1:15!10, ,prep,κατά,κατ’,2596,,,,by,089016,89.90,PREP,κατ’,n64001015010,127489,w,κατ’,III_John,25,3John,1,15,5,wg,,,pp,PrepNp,adv,,,,,177,wg,,,cl,V-O-ADV,,,,,,175,wg,,,,,,,,,,174,sentence,,,,,,,,,21,,book,,,,,,,,,,,,,,,,,,,,,,,,,,,,,,,,,,,,,,,,,,,,,,,,,,,,,,,,,,,,,,,,,,,,,,,,,,,,,,,,,,,,,,,,
3JN 1:15!11,.,noun,ὄνομα,ὄνομα,3686,singular,neuter,accusative,,033009,33.126,N-ASN,ὄνομα.,n64001015011,127490,w,ὄνομα,III_John,25,3John,1,15,5,wg,,,pp,PrepNp,adv,,,,,177,wg,,,cl,V-O-ADV,,,,,,175,wg,,,,,,,,,,174,sentence,,,,,,,,,21,,book,,,,,,,,,,,,common,,,,,,,,,,,,,,,,,,,,,,,,,,,,,,,,,,,,,,,,,,,,,,,,,,,,,,,,,,,,,,,,,,,,,,,,,,,,
